Date,NC_Value,Cur_Ret_NC,Tot_Ret_NC,WC_Value,Cur_Ret_WC,Tot_Ret_WC
2011-01-30,1000.0,0.0,0.0,1000.0,0.0,0.0
2011-01-31,1000.0,0.0,0.0,1000.0,0.0,0.0
2011-02-28,1000.0,0.0,0.0,1000.0,0.0,0.0
2011-03-31,1000.0,0.0,0.0,1000.0,0.0,0.0
2011-04-30,1000.0,0.0,0.0,1000.0,0.0,0.0
2011-05-31,1000.0,0.0,0.0,1000.0,0.0,0.0
2011-06-30,1000.0,0.0,0.0,1000.0,0.0,0.0
2011-07-31,1000.0,0.0,0.0,1000.0,0.0,0.0
2011-08-31,1000.0,0.0,0.0,1000.0,0.0,0.0
2011-09-30,1000.0,0.0,0.0,1000.0,0.0,0.0
2011-10-31,1000.0,0.0,0.0,1000.0,0.0,0.0
2011-11-01,997.8266398319586,-0.0021733601680413717,-0.0021733601680413717,995.3320732323788,-0.004667926767621178,-0.004667926767621178
2011-11-02,994.2673114108628,-0.003567080972798231,-0.005732688589137225,991.7816431323357,-0.003567080972798231,-0.008218356867664256
2011-11-03,986.1476173169358,-0.008166510153497009,-0.013852382683064213,983.6822482736435,-0.00816651015349712,-0.016317751726356522
2011-11-04,986.6047000524546,0.00046350336145661863,-0.013395299947545403,984.1381883023236,0.00046350336145661863,-0.01586181169767642
2011-11-07,970.7852074316505,-0.016034276564831917,-0.029214792568349468,968.3582444130715,-0.016034276564831917,-0.0316417555869285
2011-11-08,958.6080609941955,-0.012543605263281021,-0.04139193900580451,956.2115408417101,-0.012543605263281021,-0.04378845915828988
2011-11-09,961.8620205326989,0.003394462941537002,-0.03813797946730113,959.4573654813672,0.003394462941537002,-0.040542634518632825
2011-11-10,953.6156212767335,-0.008573370275497982,-0.046384378723266506,951.2315822235416,-0.008573370275497982,-0.04876841777645835
2011-11-11,950.376546152105,-0.003396625487627647,-0.049623453847895016,948.0006047867248,-0.003396625487627647,-0.051999395213275235
2011-11-14,959.8455441806695,0.009963417202268676,-0.040154455819330415,957.4459303202179,0.009963417202268676,-0.042554069679782036
2011-11-15,958.863799352705,-0.001022815424749024,-0.04113620064729506,956.4666398543233,-0.001022815424749024,-0.04353336014567677
2011-11-16,939.3794177784558,-0.020320280719120287,-0.060620582221544206,937.0309692340097,-0.020320280719120287,-0.06296903076599025
2011-11-17,964.7262626278732,0.026982542271748233,-0.0352737373721268,962.3144469713036,0.026982542271748233,-0.03768555302869636
2011-11-18,973.8829485967153,0.009491486158881735,-0.026117051403284686,971.4482412252237,0.009491486158881735,-0.028551758774776337
2011-11-21,977.7848796148545,0.004006570834576673,-0.022215120385145504,975.3404174158175,0.004006570834576673,-0.02465958258418255
2011-11-22,972.8849976447542,-0.005011206526358114,-0.027115002355245776,970.4527851506425,-0.005011206526358114,-0.029547214849357517
2011-11-23,984.0608767008249,0.011487358817461768,-0.01593912329917513,981.6007245090731,0.011487358817461768,-0.018399275490926903
2011-11-25,982.8932684524248,-0.00118652034243516,-0.01710673154757525,980.4360352812939,-0.00118652034243516,-0.01956396471870603
2011-11-28,969.1294775808849,-0.014003342288843923,-0.030870522419115143,966.7066538869329,-0.014003342288843923,-0.03329334611306711
2011-11-29,964.8009135839319,-0.004466445502986693,-0.03519908641606806,962.3889112999723,-0.004466445502986804,-0.03761108870002772
2011-11-30,964.044648839369,-0.0007838557508756949,-0.03595535116063109,961.6345372172707,-0.0007838557508758059,-0.03836546278272934
2011-12-31,964.044648839369,0.0,-0.03595535116063109,961.6345372172707,0.0,-0.03836546278272934
2012-01-31,964.044648839369,0.0,-0.03595535116063109,961.6345372172707,0.0,-0.03836546278272934
2012-02-29,964.044648839369,0.0,-0.03595535116063109,961.6345372172707,0.0,-0.03836546278272934
2012-03-31,964.044648839369,0.0,-0.03595535116063109,961.6345372172707,0.0,-0.03836546278272934
2012-04-30,964.044648839369,0.0,-0.03595535116063109,961.6345372172707,0.0,-0.03836546278272934
2012-05-31,964.044648839369,0.0,-0.03595535116063109,961.6345372172707,0.0,-0.03836546278272934
2012-06-30,964.044648839369,0.0,-0.03595535116063109,961.6345372172707,0.0,-0.03836546278272934
2012-07-31,964.044648839369,0.0,-0.03595535116063109,961.6345372172707,0.0,-0.03836546278272934
2012-08-31,964.044648839369,0.0,-0.03595535116063109,961.6345372172707,0.0,-0.03836546278272934
2012-09-30,964.044648839369,0.0,-0.03595535116063109,961.6345372172707,0.0,-0.03836546278272934
2012-10-31,964.044648839369,0.0,-0.03595535116063109,961.6345372172707,0.0,-0.03836546278272934
2012-11-30,964.044648839369,0.0,-0.03595535116063109,961.6345372172707,0.0,-0.03836546278272934
2012-12-03,972.6591211813642,0.00893576075793412,-0.027340878818635783,967.801904694965,0.006413421356039395,-0.032198095305035035
2012-12-04,966.4781178966239,-0.006354747670728744,-0.033521882103376144,961.6517677953777,-0.006354747670728744,-0.038348232204622246
2012-12-05,966.6344903146605,0.00016179612879074767,-0.03336550968533947,961.8073593286518,0.00016179612879074767,-0.0381926406713482
2012-12-06,976.8769816742298,0.010596033415107176,-0.02312301832577024,971.9987022469942,0.010596033415107176,-0.02800129775300586
2012-12-07,984.1758304283253,0.007471615045720803,-0.01582416957167465,979.2611023751239,0.007471615045720803,-0.02073889762487613
2012-12-10,978.9364723211575,-0.005323599650773447,-0.021063527678842564,974.0479083125036,-0.005323599650773447,-0.025952091687496348
2012-12-11,987.6304905915641,0.008881085255504129,-0.012369509408435841,982.6985108291725,0.008881085255504129,-0.017301489170827522
2012-12-12,980.4326962735713,-0.007287942592458352,-0.019567303726428675,975.5366604965552,-0.007287942592458352,-0.024463339503444814
2012-12-13,975.3515548187534,-0.005182549984440898,-0.024648445181246648,970.4808929918772,-0.005182549984440898,-0.02951910700812277
2012-12-14,981.6733788434964,0.006481585017740432,-0.01832662115650363,976.7711474078967,0.006481585017740432,-0.023228852592103277
2012-12-17,990.4057583906038,0.00889540221350904,-0.009594241609396259,985.4599196346406,0.00889540221350904,-0.014540080365359365
2012-12-18,988.009887248082,-0.002419080384200356,-0.01199011275191797,983.0760128736368,-0.002419080384200356,-0.016923987126363116
2012-12-19,980.2017065634744,-0.007902937799899812,-0.019798293436525616,975.306824291323,-0.007902937799899812,-0.024693175708677018
2012-12-20,980.5228718575044,0.00032765224940889404,-0.019477128142495692,975.6263857661659,0.00032765224940889404,-0.024373614233834107
2012-12-21,980.2469632916415,-0.00028138921975395803,-0.019753036708358485,975.3518550187038,-0.00028138921975395803,-0.024648144981296194
2012-12-24,978.0235515097415,-0.0022682159345168706,-0.021976448490258482,973.1395463993897,-0.0022682159345168706,-0.02686045360061029
2012-12-26,982.8071889252896,0.004891127016485086,-0.01719281107471049,977.8992955255937,0.004891127016485086,-0.022100704474406263
2012-12-27,978.5112934690735,-0.0043710460247178284,-0.021488706530926494,973.6248526973122,-0.0043710460247178284,-0.02637514730268775
2012-12-28,973.5035195819603,-0.005117747664781014,-0.02649648041803976,968.6420863810478,-0.005117747664781014,-0.03135791361895224
2012-12-31,980.3236569509271,0.007005765497278826,-0.019676343049072953,975.4281656890283,0.007005765497278826,-0.024571834310971652
2013-01-31,980.3236569509271,0.0,-0.019676343049072953,975.4281656890283,0.0,-0.024571834310971652
2013-02-28,980.3236569509271,0.0,-0.019676343049072953,975.4281656890283,0.0,-0.024571834310971652
2013-03-31,980.3236569509271,0.0,-0.019676343049072953,975.4281656890283,0.0,-0.024571834310971652
2013-04-30,980.3236569509271,0.0,-0.019676343049072953,975.4281656890283,0.0,-0.024571834310971652
2013-05-31,980.3236569509271,0.0,-0.019676343049072953,975.4281656890283,0.0,-0.024571834310971652
2013-06-03,968.1225527569253,-0.012445995878494376,-0.03187744724307473,960.8797707821976,-0.01491488088879811,-0.03912022921780234
2013-06-04,973.0758213378352,0.005116365244053567,-0.02692417866216479,965.7959826451419,0.005116365244053567,-0.03420401735485812
2013-06-05,970.5306060917086,-0.002615639182800167,-0.029469393908291397,963.2698088303443,-0.002615639182800056,-0.0367301911696557
2013-06-06,966.9721872815932,-0.0036664673816367843,-0.033027812718406824,959.7380114965524,-0.0036664673816367843,-0.04026198850344753
2013-06-07,988.9371765781455,0.02271522344226007,-0.011062823421854495,981.538674873727,0.02271522344226007,-0.018461325126272965
2013-06-10,984.2297115579552,-0.004760125447481611,-0.015770288442044866,976.8664276497732,-0.004760125447481611,-0.02313357235022684
2013-06-11,988.20766976716,0.004041696935675798,-0.011792330232839987,980.8146256969699,0.004041696935675798,-0.019185374303030134
2013-06-12,981.8510013128446,-0.006432522888446313,-0.01814899868715547,974.5055131678512,-0.006432522888446313,-0.025494486832148833
2013-06-13,985.5683526154246,0.0037860645837397566,-0.014431647384575363,978.1950539779151,0.0037860645837397566,-0.021804946022084937
2013-06-14,993.9530399310997,0.008507464036791035,-0.0060469600689002645,986.5170132205991,0.008507464036791035,-0.013482986779400852
2013-06-17,1003.0730382383289,0.00917548208098573,0.003073038238328829,995.5687823979923,0.00917548208098573,-0.004431217602007709
2013-06-18,999.418894491571,-0.0036429488257161413,-0.0005811055084290473,991.941976271236,-0.0036429488257161413,-0.008058023728764074
2013-06-19,1007.3780134907523,0.00796374677630074,0.0073780134907524,999.8415509870434,0.00796374677630074,-0.0001584490129565852
2013-06-20,1034.8171875178684,0.027238210145200892,0.03481718751786844,1027.075445264732,0.027238210145200892,0.027075445264731934
2013-06-21,1039.684358358676,0.004703411288018877,0.03968435835867612,1031.9062035076372,0.004703411288018877,0.031906203507637176
2013-06-24,1058.8602751197984,0.018443979277898315,0.05886027511979841,1050.9386601418669,0.018443979277898315,0.050938660141866876
2013-06-25,1064.2527260728941,0.0050926936063264705,0.06425272607289423,1056.2907687370127,0.0050926936063264705,0.056290768737012664
2013-06-26,1090.790884114702,0.024935954958493767,0.09079088411470204,1082.6303877693117,0.024935954958493767,0.08263038776931175
2013-06-27,1082.483905538967,-0.007615555553965869,0.082483905538967,1074.385555906843,-0.007615555553965869,0.07438555590684293
2013-06-28,1054.1287240820088,-0.026194552465738763,0.05412872408200875,1046.2425070942093,-0.026194552465738763,0.046242507094209184
2013-07-31,1054.1287240820088,0.0,0.05412872408200875,1046.2425070942093,0.0,0.046242507094209184
2013-08-31,1054.1287240820088,0.0,0.05412872408200875,1046.2425070942093,0.0,0.046242507094209184
2013-09-30,1054.1287240820088,0.0,0.05412872408200875,1046.2425070942093,0.0,0.046242507094209184
2013-10-31,1054.1287240820088,0.0,0.05412872408200875,1046.2425070942093,0.0,0.046242507094209184
2013-11-30,1054.1287240820088,0.0,0.05412872408200875,1046.2425070942093,0.0,0.046242507094209184
2013-12-02,1051.8338281953056,-0.0021770546938674196,0.05183382819530569,1041.3548679833832,-0.004671612057132735,0.04135486798338328
2013-12-03,1060.4854224259843,0.008225248132133878,0.060485422425984314,1049.920270166152,0.008225248132133878,0.04992027016615208
2013-12-04,1063.3043800567984,0.002658176690788938,0.0633043800567985,1052.7111437554945,0.002658176690788938,0.05271114375549457
2013-12-05,1063.9078184756904,0.0005675123983404085,0.06390781847569049,1053.3085703814468,0.0005675123983404085,0.053308570381446874
2013-12-06,1072.4896794821493,0.008066357683840009,0.07248967948214924,1061.8049340615976,0.008066357683840009,0.061804934061597594
2013-12-09,1067.083245778257,-0.005041012335431416,0.06708324577825686,1056.452362291171,-0.005041012335431416,0.05645236229117101
2013-12-10,1076.0393548090703,0.008393074360643293,0.07603935480907031,1065.3192455263581,0.008393074360643293,0.06531924552635804
2013-12-11,1093.864336403882,0.01656536214511828,0.09386433640388181,1082.9666446286665,0.01656536214511828,0.08296664462866654
2013-12-12,1096.245192455599,0.0021765551471804034,0.09624519245559893,1085.3237812532577,0.0021765551471804034,0.08532378125325768
2013-12-13,1102.4883311470514,0.0056950203607897265,0.10248833114705147,1091.5047222855444,0.0056950203607897265,0.0915047222855443
2013-12-16,1107.048124270002,0.00413591055263729,0.1070481242700021,1096.0190881846986,0.00413591055263729,0.09601908818469851
2013-12-17,1110.4946006806056,0.003113212817984934,0.11049460068060557,1099.4312288587914,0.003113212817984934,0.09943122885879152
2013-12-18,1106.3281524326721,-0.0037518851918594276,0.10632815243267224,1095.3062891117684,-0.0037518851918594276,0.09530628911176842
2013-12-19,1108.3673741060704,0.0018432340069394204,0.10836737410607045,1097.3251949118737,0.0018432340069394204,0.09732519491187364
2013-12-20,1107.973454222495,-0.00035540552056856356,0.10797345422249505,1096.935199479743,-0.0003554055205686746,0.09693519947974294
2013-12-23,1102.231918849766,-0.0051820152828102595,0.10223191884976601,1091.2508645117866,-0.0051820152828101484,0.09125086451178666
2013-12-24,1110.616890077257,0.007607265843145861,0.11061689007725706,1099.5522999396906,0.007607265843145861,0.0995522999396905
2013-12-26,1112.4241410873842,0.0016272497080442871,0.1124241410873843,1101.341546098747,0.0016272497080442871,0.1013415460987468
2013-12-27,1118.404836430908,0.005376272522886527,0.11840483643090804,1107.262658391351,0.005376272522886527,0.10726265839135096
2013-12-30,1126.4366124787337,0.007181456826900856,0.12643661247873372,1115.214417368628,0.007181456826900856,0.11521441736862781
2013-12-31,1123.336648880567,-0.0027520089136174875,0.12333664888056695,1112.1453373514346,-0.0027520089136175985,0.1121453373514345
2014-01-31,1123.336648880567,0.0,0.12333664888056695,1112.1453373514346,0.0,0.1121453373514345
2014-02-28,1123.336648880567,0.0,0.12333664888056695,1112.1453373514346,0.0,0.1121453373514345
2014-03-03,1124.3576911245214,0.0009089370002943742,0.12435769112452144,1110.3733168797626,-0.0015933353422062924,0.11037331687976248
2014-03-04,1117.676061150679,-0.005942619529875515,0.11767606115067908,1103.7747907214202,-0.005942619529875515,0.10377479072142015
2014-03-05,1094.2331093443365,-0.02097472838615455,0.09423310934433649,1080.623414286554,-0.02097472838615444,0.08062341428655406
2014-03-06,1090.785940050542,-0.0031503061499026375,0.09078594005054197,1077.2191196987983,-0.0031503061499026375,0.07721911969879836
2014-03-07,1104.8881772348589,0.012928510229663903,0.10488817723485888,1091.1459581074137,0.012928510229663903,0.09114595810741366
2014-03-10,1092.6164966764577,-0.011106717232790775,0.09261649667645777,1079.0269084910121,-0.011106717232790664,0.07902690849101224
2014-03-11,1098.317811192433,0.005218038106982403,0.09831781119243299,1084.6573120179776,0.005218038106982403,0.08465731201797766
2014-03-12,1104.0393340739247,0.005209350902977583,0.10403933407392474,1090.3076725657597,0.005209350902977583,0.09030767256575967
2014-03-13,1097.5172767339345,-0.0059074501593378015,0.09751727673393451,1083.866734331734,-0.0059074501593376905,0.08386673433173408
2014-03-14,1120.204106061059,0.020671045283804146,0.12020410606105902,1106.2713926787142,0.020671045283804146,0.10627139267871422
2014-03-17,1117.2485428789917,-0.0026384148799989404,0.11724854287899156,1103.3525897749535,-0.0026384148799989404,0.10335258977495343
2014-03-18,1119.3612156595366,0.001890960425959376,0.1193612156595365,1105.4389858580978,0.001890960425959376,0.10543898585809774
2014-03-19,1110.9624809604727,-0.007503149637103745,0.11096248096047279,1097.144711732516,-0.007503149637103967,0.09714471173251615
2014-03-20,1124.00528648598,0.011740095411891138,0.12400528648597997,1110.0252953289075,0.011740095411891138,0.11002529532890759
2014-03-21,1131.409603028107,0.006587439250642202,0.1314096030281071,1117.3375195285628,0.006587439250642202,0.11733751952856286
2014-03-24,1130.4523189113356,-0.0008460986314853258,0.13045231891133557,1116.3921417823824,-0.0008460986314853258,0.11639214178238233
2014-03-25,1128.1811180346879,-0.0020091080699758956,0.1281811180346879,1114.1491893210696,-0.0020091080699760067,0.11414918932106954
2014-03-26,1114.929190315383,-0.011746276823343726,0.11492919031538307,1101.0620845208005,-0.011746276823343615,0.10106208452080034
2014-03-27,1103.814974115229,-0.009968539972489254,0.103814974115229,1090.0861031190625,-0.009968539972489254,0.09008610311906251
2014-03-28,1101.3573938252134,-0.002226442245889526,0.10135739382521347,1087.6590893674213,-0.002226442245889415,0.0876590893674214
2014-03-31,1104.5025519759276,0.0028557107514306512,0.10450255197592773,1090.7651291228192,0.0028557107514306512,0.09076512912281909
2014-04-30,1104.5025519759276,0.0,0.10450255197592773,1090.7651291228192,0.0,0.09076512912281909
2014-05-31,1104.5025519759276,0.0,0.10450255197592773,1090.7651291228192,0.0,0.09076512912281909
2014-06-02,1100.8133049395065,-0.0033401887843728106,0.10081330493950635,1084.4039632529577,-0.005831838312411963,0.08440396325295785
2014-06-03,1101.0249549140194,0.00019226691171270183,0.10102495491401942,1084.6124582540215,0.00019226691171270183,0.08461245825402153
2014-06-04,1095.2787783982435,-0.005218933948890059,0.09527877839824361,1078.9519374742504,-0.00521893394889017,0.07895193747425044
2014-06-05,1078.6694615451493,-0.01516446513953651,0.07866946154514931,1062.5902084311867,-0.01516446513953651,0.06259020843118668
2014-06-06,1083.0807776594586,0.004089590251299402,0.08308077765945865,1066.935766988713,0.004089590251299402,0.06693576698871317
2014-06-09,1082.1209572004386,-0.0008861947130980319,0.08212095720043866,1065.9902541527924,-0.0008861947130981429,0.06599025415279236
2014-06-10,1079.2480697034464,-0.0026548672566371057,0.07924806970344633,1063.160191531148,-0.0026548672566369946,0.06316019153114794
2014-06-11,1074.9100174309792,-0.004019513580097667,0.07491001743097914,1058.8868047034694,-0.004019513580097667,0.05888680470346941
2014-06-12,1061.6694964142564,-0.01231779479399353,0.06166949641425634,1045.8436543330645,-0.01231779479399353,0.045843654333064476
2014-06-13,1068.5816081855564,0.006510605979210382,0.06858160818555636,1052.6527302822847,0.006510605979210382,0.052652730282284566
2014-06-16,1070.551056532776,0.0018430490775185326,0.07055105653277605,1054.5928209257788,0.0018430490775185326,0.054592820925778884
2014-06-17,1068.3036883126904,-0.0020992629976606114,0.0683036883126904,1052.378953239211,-0.0020992629976605004,0.052378953239210935
2014-06-18,1080.2136514118872,0.011148480745215572,0.08021365141188719,1064.1113797360683,0.011148480745215572,0.0641113797360684
2014-06-19,1067.4860597865338,-0.011782476187667035,0.06748605978653388,1051.5735127433027,-0.011782476187666924,0.051573512743302574
2014-06-20,1061.5215937667278,-0.00558739476279313,0.061521593766727944,1045.6979564055089,-0.005587394762793019,0.04569795640550889
2014-06-23,1061.1488358309964,-0.0003511543598549993,0.061148835830996395,1045.3307550090256,-0.00035115435985511034,0.045330755009025614
2014-06-24,1057.2368252483627,-0.003686580478194812,0.05723682524836282,1041.4770590543526,-0.003686580478194812,0.041477059054352505
2014-06-25,1053.1264411155878,-0.0038878556200587777,0.05312644111558784,1037.4279466171458,-0.0038878556200587777,0.03742794661714588
2014-06-26,1056.7457401192019,0.003436718386616633,0.05674574011920175,1040.993294316075,0.003436718386616633,0.0409932943160749
2014-06-27,1045.8796798306737,-0.010282568337869447,0.04587967983067376,1030.289209628006,-0.010282568337869669,0.030289209628005853
2014-06-30,1038.9679891514195,-0.006608495042539908,0.03896798915141941,1023.480548493797,-0.006608495042539797,0.023480548493796993
2014-07-31,1038.9679891514195,0.0,0.03896798915141941,1023.480548493797,0.0,0.023480548493796993
2014-08-31,1038.9679891514195,0.0,0.03896798915141941,1023.480548493797,0.0,0.023480548493796993
2014-09-30,1038.9679891514195,0.0,0.03896798915141941,1023.480548493797,0.0,0.023480548493796993
2014-10-31,1038.9679891514195,0.0,0.03896798915141941,1023.480548493797,0.0,0.023480548493796993
2014-11-30,1038.9679891514195,0.0,0.03896798915141941,1023.480548493797,0.0,0.023480548493796993
2014-12-01,1025.7236682501807,-0.012747573591806338,0.025723668250180687,1007.9075707448849,-0.015215704657826734,0.007907570744884795
2014-12-02,1027.024708192437,0.0012684117394656802,0.027024708192436853,1009.186012539914,0.0012684117394656802,0.009186012539914135
2014-12-03,1041.8338962617468,0.014419505150342404,0.04183389626174683,1023.7379754453868,0.014419505150342404,0.023737975445386805
2014-12-04,1050.1500611857716,0.007982236855476277,0.0501500611857717,1031.9096944433377,0.007982236855476277,0.03190969444333769
2014-12-05,1049.5037985990996,-0.0006154002276039794,0.04950379859909959,1031.2746569825106,-0.0006154002276038684,0.03127465698251064
2014-12-08,1049.6824849799227,0.00017025796482261768,0.04968248497992267,1031.4502397067815,0.00017025796482261768,0.03145023970678151
2014-12-09,1057.9834762841158,0.007908097375133316,0.05798347628411582,1039.6070486399874,0.007908097375133316,0.03960704863998732
2014-12-10,1055.5577028589735,-0.0022928273262472487,0.055557702858973546,1037.2234091903065,-0.0022928273262471377,0.03722340919030653
2014-12-11,1064.8715316339117,0.008823609310710134,0.06487153163391168,1046.3754633209246,0.008823609310710134,0.04637546332092457
2014-12-12,1072.4349290151276,0.007102638352638468,0.0724349290151276,1053.8074898179677,0.007102638352638468,0.05380748981796768
2014-12-15,1073.2482477726926,0.0007583851808257158,0.07324824777269257,1054.6066818016889,0.0007583851808257158,0.05460668180168882
2014-12-16,1076.0629688080041,0.002622618803387766,0.07606296880800412,1057.3725131155604,0.002622618803387766,0.057372513115560464
2014-12-17,1091.915972618009,0.014732412757931579,0.09191597261800899,1072.9501614176702,0.014732412757931579,0.07295016141767019
2014-12-18,1084.1108104960988,-0.007148134396455674,0.08411081049609881,1065.280569463158,-0.007148134396455674,0.06528056946315797
2014-12-19,1084.5692196440536,0.00042284344323162415,0.08456921964405373,1065.7310163671575,0.00042284344323162415,0.06573101636715761
2014-12-22,1105.9608639913968,0.019723632166477767,0.1059608639913967,1086.75110292239,0.019723632166477767,0.08675110292238997
2014-12-23,1094.5183409048636,-0.010346227845022704,0.09451834090486355,1075.507328400725,-0.010346227845022704,0.07550732840072505
2014-12-24,1096.5202167330663,0.0018290016287416666,0.09652021673306632,1077.4744330560936,0.0018290016287416666,0.0774744330560937
2014-12-26,1093.5083091792724,-0.002746787070435852,0.09350830917927233,1074.51484021465,-0.002746787070435852,0.07451484021464982
2014-12-29,1095.208492405463,0.00155479680576609,0.09520849240546303,1076.1854924559639,0.00155479680576609,0.07618549245596395
2014-12-30,1099.1597976011944,0.003607810953924373,0.09915979760119442,1080.068166264101,0.003607810953924373,0.08006816626410096
2014-12-31,1083.8279326102922,-0.013948713393960088,0.0838279326102922,1065.002604966943,-0.013948713393960088,0.06500260496694299
2015-01-31,1083.8279326102922,0.0,0.0838279326102922,1065.002604966943,0.0,0.06500260496694299
2015-02-28,1083.8279326102922,0.0,0.0838279326102922,1065.002604966943,0.0,0.06500260496694299
2015-03-02,1073.9626128664943,-0.009102293313329124,0.0739626128664943,1052.6703672798817,-0.011579537580045707,0.052670367279881614
2015-03-03,1095.6853958059037,0.020226758994365213,0.09568539580590363,1073.9624770993619,0.020226758994365213,0.07396247709936188
2015-03-04,1092.2422650713047,-0.003142444672329048,0.09224226507130462,1070.5876094349198,-0.0031424446723289368,0.07058760943491982
2015-03-05,1082.3647348347665,-0.009043351051694848,0.08236473483476647,1060.905909851205,-0.009043351051694959,0.06090590985120503
2015-03-06,1078.8123702148955,-0.003282040245346063,0.07881237021489551,1057.423973958548,-0.003282040245345952,0.057423973958548036
2015-03-09,1077.8056450794772,-0.0009331790802674655,0.07780564507947729,1056.4372080270766,-0.0009331790802674655,0.056437208027076524
2015-03-10,1076.2158019821338,-0.0014750740122781991,0.07621580198213374,1054.878884955912,-0.0014750740122781991,0.05487888495591209
2015-03-11,1075.0522985624943,-0.0010811060546561668,0.0750522985624944,1053.7384490064574,-0.0010811060546561668,0.05373844900645741
2015-03-12,1062.9021020495504,-0.011301958545821944,0.06290210204955038,1041.8291407376475,-0.011301958545822055,0.04182914073764765
2015-03-13,1064.9831140068773,0.001957858539666235,0.06498311400687729,1043.868894817714,0.001957858539666235,0.043868894817713944
2015-03-16,1051.737088057149,-0.012437780257277042,0.05173708805714905,1030.8854828865644,-0.012437780257277153,0.03088548288656434
2015-03-17,1053.266473955947,0.0014541522935387352,0.05326647395594697,1032.3845473758797,0.0014541522935387352,0.0323845473758797
2015-03-18,1080.0030099832327,0.025384398619341164,0.08000300998323273,1058.5910082549171,0.025384398619341164,0.05859100825491703
2015-03-19,1070.6252591606278,-0.008683078413596723,0.07062525916062778,1049.3991795223112,-0.008683078413596834,0.04939917952231121
2015-03-20,1072.273627165487,0.0015396311554907172,0.07227362716548691,1051.0148671936502,0.0015396311554907172,0.051014867193650115
2015-03-23,1070.373518102554,-0.0017720374863230415,0.07037351810255399,1049.1524294503001,-0.0017720374863230415,0.04915242945030007
2015-03-24,1077.4504660338027,0.006611662014764708,0.07745046603380268,1056.0890707157948,0.006611662014764708,0.05608907071579483
2015-03-25,1081.375616095345,0.003642998156556665,0.08137561609534516,1059.936401253572,0.003642998156556665,0.059936401253572136
2015-03-26,1109.0368435357427,0.025579666333033657,0.10903684353574272,1087.0492207318748,0.025579666333033657,0.08704922073187471
2015-03-27,1098.761702891213,-0.009264922715977009,0.09876170289121289,1076.9777937133308,-0.00926492271597712,0.07697779371333091
2015-03-30,1107.250710875922,0.0077259773091578055,0.1072507108759222,1085.2984997100268,0.0077259773091578055,0.08529849971002679
2015-03-31,1103.595713076247,-0.003300966767303959,0.10359571307624704,1081.7159654298791,-0.003300966767303959,0.08171596542987913
2015-04-30,1103.595713076247,0.0,0.10359571307624704,1081.7159654298791,0.0,0.08171596542987913
2015-05-31,1103.595713076247,0.0,0.10359571307624704,1081.7159654298791,0.0,0.08171596542987913
2015-06-01,1113.6131197189409,0.009077061938534303,0.11361311971894095,1088.8059313273675,0.0065543692836878,0.08880593132736747
2015-06-02,1114.082318268539,0.0004213299406139459,0.11408231826853887,1089.2646778657538,0.0004213299406139459,0.08926467786575376
2015-06-03,1113.8287219555066,-0.0002276279848212326,0.11382872195550653,1089.0167307421943,-0.00022762798482112157,0.0890167307421943
2015-06-04,1129.5279107395004,0.014094796151809863,0.12952791073950043,1104.366199567916,0.014094796151809863,0.10436619956791615
2015-06-05,1131.8729816816463,0.0020761513901950135,0.13187298168164618,1106.6590309884334,0.0020761513901950135,0.10665903098843343
2015-06-08,1138.680797798244,0.00601464671988472,0.13868079779824383,1113.3151940991988,0.00601464671988472,0.11331519409919877
2015-06-09,1132.8544153993505,-0.005116782868525904,0.1328544153993505,1107.6186019867625,-0.005116782868525793,0.10761860198676265
2015-06-10,1128.6436852242991,-0.0037169208309675295,0.12864368522429914,1103.501671332271,-0.0037169208309674184,0.10350167133227095
2015-06-11,1115.370908715173,-0.01175993511759943,0.11537090871517308,1090.5245632752408,-0.01175993511759954,0.09052456327524072
2015-06-12,1121.4342248436817,0.005436143332349541,0.12143422484368172,1096.452811108653,0.005436143332349541,0.09645281110865289
2015-06-15,1101.3835447386862,-0.017879497219545293,0.10138354473868616,1076.848786121073,-0.017879497219545293,0.07684878612107315
2015-06-16,1098.5989531575026,-0.0025282669188999574,0.09859895315750267,1074.1262249584656,-0.0025282669188999574,0.07412622495846555
2015-06-17,1103.4844742143923,0.004447046888992778,0.10348447421439233,1078.9029146455528,0.004447046888992778,0.07890291464555266
2015-06-18,1092.680791656338,-0.00979051614273585,0.09268079165633791,1068.3398982432707,-0.00979051614273585,0.06833989824327058
2015-06-19,1087.6943182481448,-0.004563522527594288,0.08769431824814489,1063.4645050505096,-0.004563522527594399,0.0634645050505096
2015-06-22,1105.0158137442845,0.01592496642258645,0.10501581374428448,1080.4001415850514,0.01592496642258645,0.08040014158505149
2015-06-23,1111.3368144333315,0.0057202807511220755,0.11133681443333154,1086.58033371847,0.0057202807511220755,0.08658033371847007
2015-06-24,1119.0130332316508,0.006907193839550185,0.1190130332316508,1094.0855547057065,0.006907193839550185,0.09408555470570645
2015-06-25,1113.761526178037,-0.004692981133961993,0.11376152617803692,1088.9510318385321,-0.004692981133962104,0.08895103183853204
2015-06-26,1120.0928759253165,0.005684654747418083,0.12009287592531659,1095.1413424913787,0.005684654747418083,0.09514134249137873
2015-06-29,1128.321640363612,0.007346501897441016,0.12832164036361204,1103.1868004419578,0.007346501897441016,0.10318680044195783
2015-06-30,1151.145680355466,0.02022831006281045,0.15114568035546605,1125.5024050984975,0.02022831006281045,0.12550240509849764
2015-07-31,1151.145680355466,0.0,0.15114568035546605,1125.5024050984975,0.0,0.12550240509849764
2015-08-31,1151.145680355466,0.0,0.15114568035546605,1125.5024050984975,0.0,0.12550240509849764
2015-09-30,1151.145680355466,0.0,0.15114568035546605,1125.5024050984975,0.0,0.12550240509849764
2015-10-31,1151.145680355466,0.0,0.15114568035546605,1125.5024050984975,0.0,0.12550240509849764
2015-11-30,1151.145680355466,0.0,0.15114568035546605,1125.5024050984975,0.0,0.12550240509849764
2015-12-01,1132.2458343137075,-0.016418292110449872,0.13224583431370762,1104.256018895975,-0.01887724638017374,0.10425601889597513
2015-12-02,1137.8713026392752,0.004968416005679099,0.13787130263927527,1109.7424221746253,0.004968416005679099,0.10974242217462526
2015-12-03,1145.0464209808406,0.006305738025840668,0.14504642098084064,1116.7401671650205,0.006305738025840668,0.11674016716502056
2015-12-04,1149.186424661778,0.0036155771548467275,0.14918642466177778,1120.777827401322,0.0036155771548467275,0.12077782740132204
2015-12-07,1163.6753105491796,0.012607950787154376,0.1636753105491795,1134.9085390925316,0.012607950787154376,0.13490853909253153
2015-12-08,1154.0317315182367,-0.008287173357997668,0.15403173151823668,1125.5033552835998,-0.008287173357997668,0.1255033552835998
2015-12-09,1148.8234956101148,-0.004513078597301656,0.14882349561011488,1120.4238701796783,-0.004513078597301656,0.12042387017967826
2015-12-10,1139.848434225716,-0.007812393652022687,0.1398484342257158,1111.6706778487119,-0.007812393652022687,0.11167067784871199
2015-12-11,1126.8406988537522,-0.011411811414032136,0.12684069885375227,1098.984501718593,-0.011411811414032247,0.09898450171859308
2015-12-14,1127.9049359228463,0.0009444432297986971,0.12790493592284635,1100.022430190895,0.0009444432297986971,0.10002243019089496
2015-12-15,1138.7668980180026,0.00963021062255498,0.13876689801800257,1110.615877883168,0.00963021062255498,0.11061587788316807
2015-12-16,1148.3070421258597,0.008377609258278795,0.14830704212585966,1119.9201837441135,0.008377609258278795,0.1199201837441135
2015-12-17,1167.8218514241364,0.016994417505399095,0.1678218514241363,1138.9525749193842,0.016994417505399095,0.1389525749193843
2015-12-18,1165.545671768835,-0.0019490812340303698,0.16554567176883506,1136.7326638291584,-0.0019490812340303698,0.13673266382915839
2015-12-21,1163.966764942788,-0.0013546503275594368,0.16396676494278783,1135.1927885537546,-0.0013546503275595478,0.1351927885537545
2015-12-22,1158.40131165247,-0.0047814537819655945,0.15840131165247007,1129.7649167016643,-0.004781453781965372,0.12976491670166435
2015-12-23,1145.5516412591242,-0.011092589644098094,0.14555164125912423,1117.232898086394,-0.011092589644098205,0.11723289808639392
2015-12-24,1148.5149553970805,0.0025868010059322266,0.1485149553970806,1120.1229572710245,0.0025868010059322266,0.12012295727102451
2015-12-28,1143.2984759749866,-0.004541934258305291,0.14329847597498646,1115.035432437881,-0.004541934258305291,0.11503543243788084
2015-12-29,1142.1632451651758,-0.0009929435170834555,0.14216324516517576,1113.9282652339234,-0.0009929435170834555,0.11392826523392352
2015-12-30,1137.086217657337,-0.004445097957170296,0.13708621765733708,1108.976744977698,-0.004445097957170185,0.10897674497769794
2015-12-31,1130.7160524191158,-0.005602183140822281,0.13071605241911577,1102.7640541534201,-0.005602183140822059,0.10276405415342005
2016-01-31,1130.7160524191158,0.0,0.13071605241911577,1102.7640541534201,0.0,0.10276405415342005
2016-02-29,1130.7160524191158,0.0,0.13071605241911577,1102.7640541534201,0.0,0.10276405415342005
2016-03-31,1130.7160524191158,0.0,0.13071605241911577,1102.7640541534201,0.0,0.10276405415342005
2016-04-30,1130.7160524191158,0.0,0.13071605241911577,1102.7640541534201,0.0,0.10276405415342005
2016-05-31,1130.7160524191158,0.0,0.13071605241911577,1102.7640541534201,0.0,0.10276405415342005
2016-06-30,1130.7160524191158,0.0,0.13071605241911577,1102.7640541534201,0.0,0.10276405415342005
2016-07-31,1130.7160524191158,0.0,0.13071605241911577,1102.7640541534201,0.0,0.10276405415342005
2016-08-31,1130.7160524191158,0.0,0.13071605241911577,1102.7640541534201,0.0,0.10276405415342005
2016-09-30,1130.7160524191158,0.0,0.13071605241911577,1102.7640541534201,0.0,0.10276405415342005
2016-10-31,1130.7160524191158,0.0,0.13071605241911577,1102.7640541534201,0.0,0.10276405415342005
2016-11-30,1130.7160524191158,0.0,0.13071605241911577,1102.7640541534201,0.0,0.10276405415342005
2016-12-31,1130.7160524191158,0.0,0.13071605241911577,1102.7640541534201,0.0,0.10276405415342005
2017-01-31,1130.7160524191158,0.0,0.13071605241911577,1102.7640541534201,0.0,0.10276405415342005
2017-02-28,1130.7160524191158,0.0,0.13071605241911577,1102.7640541534201,0.0,0.10276405415342005
2017-03-31,1130.7160524191158,0.0,0.13071605241911577,1102.7640541534201,0.0,0.10276405415342005
2017-04-30,1130.7160524191158,0.0,0.13071605241911577,1102.7640541534201,0.0,0.10276405415342005
2017-05-31,1130.7160524191158,0.0,0.13071605241911577,1102.7640541534201,0.0,0.10276405415342005
2017-06-30,1130.7160524191158,0.0,0.13071605241911577,1102.7640541534201,0.0,0.10276405415342005
2017-07-31,1130.7160524191158,0.0,0.13071605241911577,1102.7640541534201,0.0,0.10276405415342005
2017-08-31,1130.7160524191158,0.0,0.13071605241911577,1102.7640541534201,0.0,0.10276405415342005
2017-09-30,1130.7160524191158,0.0,0.13071605241911577,1102.7640541534201,0.0,0.10276405415342005
2017-10-31,1130.7160524191158,0.0,0.13071605241911577,1102.7640541534201,0.0,0.10276405415342005
2017-11-30,1130.7160524191158,0.0,0.13071605241911577,1102.7640541534201,0.0,0.10276405415342005
2017-12-31,1130.7160524191158,0.0,0.13071605241911577,1102.7640541534201,0.0,0.10276405415342005
2018-01-02,1133.8719294180053,0.0027910428901558593,0.1338719294180053,1103.0773111364688,0.0002840652829305679,0.10307731113646867
2018-01-03,1124.1680908073909,-0.008558143436530052,0.12416809080739077,1093.637017286181,-0.008558143436530052,0.0936370172861809
2018-01-04,1122.2640913699126,-0.0016936963902887125,0.12226409136991268,1091.7847282177174,-0.0016936963902884905,0.09178472821771733
2018-01-05,1127.0375859954602,0.004253450379688051,0.12703758599546022,1096.4285803844928,0.004253450379688051,0.09642858038449287
2018-01-08,1123.4004236812543,-0.0032271881252241563,0.12340042368125426,1092.8901990897195,-0.0032271881252241563,0.09289019908971952
2018-01-09,1110.2860978295744,-0.011673776843261097,0.11028609782957433,1080.1320427913588,-0.011673776843261208,0.08013204279135877
2018-01-10,1107.8295385174852,-0.0022125462228982373,0.10782953851748522,1077.7422007198495,-0.0022125462228981263,0.07774220071984961
2018-01-11,1106.9066175401906,-0.0008330893383918792,0.10690661754019071,1076.8443451828948,-0.0008330893383918792,0.07684434518289485
2018-01-12,1107.3796197161978,0.0004273189522150389,0.1073796197161978,1077.304501180177,0.0004273189522150389,0.07730450118017718
2018-01-16,1113.158694624655,0.005218693576768407,0.113158694624655,1082.92662326071,0.005218693576768407,0.08292662326070999
2018-01-17,1111.8113128930327,-0.0012104129789658469,0.1118113128930327,1081.6158348206475,-0.0012104129789658469,0.08161583482064749
2018-01-18,1107.1088989526793,-0.004229507188694859,0.10710889895267939,1077.0411328718674,-0.004229507188694859,0.07704113287186742
2018-01-19,1114.6736492028367,0.00683288722303077,0.11467364920283662,1084.4004334673461,0.00683288722303077,0.08440043346734605
2018-01-22,1111.935953804543,-0.0024560510605516894,0.11193595380454302,1081.7370906326657,-0.0024560510605519115,0.08173709063266577
2018-01-23,1106.1707962242865,-0.0051847928475833305,0.1061707962242866,1076.128507902188,-0.0051847928475833305,0.07612850790218806
2018-01-24,1104.6815943934619,-0.0013462675347313269,0.10468159439346181,1074.6797510288004,-0.0013462675347313269,0.07467975102880042
2018-01-25,1108.2024549832572,0.0031872175726150864,0.1082024549832572,1078.104989216213,0.0031872175726150864,0.0781049892162129
2018-01-26,1098.5500191843785,-0.008709993156462148,0.09855001918437845,1068.714702138192,-0.008709993156462148,0.06871470213819197
2018-01-29,1098.5123629507755,-3.427812384082518e-05,0.09851236295077537,1068.6780686032816,-3.427812384082518e-05,0.06867806860328174
2018-01-30,1105.4563720494145,0.0063212844323266015,0.1054563720494146,1075.4334866415124,0.0063212844323266015,0.0754334866415125
2018-01-31,1104.7711061464959,-0.000619894118162434,0.10477110614649576,1074.7668317486684,-0.000619894118162434,0.0747668317486685
2018-02-28,1104.7711061464959,0.0,0.10477110614649576,1074.7668317486684,0.0,0.0747668317486685
2018-03-31,1104.7711061464959,0.0,0.10477110614649576,1074.7668317486684,0.0,0.0747668317486685
2018-04-30,1104.7711061464959,0.0,0.10477110614649576,1074.7668317486684,0.0,0.0747668317486685
2018-05-31,1104.7711061464959,0.0,0.10477110614649576,1074.7668317486684,0.0,0.0747668317486685
2018-06-30,1104.7711061464959,0.0,0.10477110614649576,1074.7668317486684,0.0,0.0747668317486685
2018-07-31,1104.7711061464959,0.0,0.10477110614649576,1074.7668317486684,0.0,0.0747668317486685
2018-08-31,1104.7711061464959,0.0,0.10477110614649576,1074.7668317486684,0.0,0.0747668317486685
2018-09-30,1104.7711061464959,0.0,0.10477110614649576,1074.7668317486684,0.0,0.0747668317486685
2018-10-31,1104.7711061464959,0.0,0.10477110614649576,1074.7668317486684,0.0,0.0747668317486685
2018-11-30,1104.7711061464959,0.0,0.10477110614649576,1074.7668317486684,0.0,0.0747668317486685
2018-12-31,1104.7711061464959,0.0,0.10477110614649576,1074.7668317486684,0.0,0.0747668317486685
2019-01-31,1104.7711061464959,0.0,0.10477110614649576,1074.7668317486684,0.0,0.0747668317486685
2019-02-28,1104.7711061464959,0.0,0.10477110614649576,1074.7668317486684,0.0,0.0747668317486685
2019-03-31,1104.7711061464959,0.0,0.10477110614649576,1074.7668317486684,0.0,0.0747668317486685
2019-04-30,1104.7711061464959,0.0,0.10477110614649576,1074.7668317486684,0.0,0.0747668317486685
2019-05-31,1104.7711061464959,0.0,0.10477110614649576,1074.7668317486684,0.0,0.0747668317486685
2019-06-30,1104.7711061464959,0.0,0.10477110614649576,1074.7668317486684,0.0,0.0747668317486685
2019-07-31,1104.7711061464959,0.0,0.10477110614649576,1074.7668317486684,0.0,0.0747668317486685
2019-08-01,1102.9129032599205,-0.0016819799832173965,0.10291290325992053,1070.2766977124138,-0.004177775033259112,0.07027669771241385
2019-08-02,1117.218991576065,0.012971185914916195,0.11721899157606508,1084.1594557388441,0.012971185914916195,0.08415945573884409
2019-08-05,1126.7411466278693,0.008523087347782399,0.1267411466278694,1093.3998414790306,0.008523087347782399,0.09339984147903047
2019-08-06,1135.9226133815303,0.008148692165134364,0.13592261338153033,1102.30962020065,0.008148692165134364,0.10230962020064993
2019-08-07,1148.1306748506183,0.010747265108796311,0.14813067485061837,1114.1564339209228,0.010747265108796311,0.1141564339209229
2019-08-08,1142.6857217679185,-0.004742450665215725,0.1426857217679185,1108.8726019997202,-0.004742450665215614,0.10887260199972015
2019-08-09,1142.2676011192775,-0.0003659104517330647,0.1422676011192776,1108.466853925008,-0.0003659104517330647,0.10846685392500799
2019-08-12,1162.166528354697,0.017420547703463685,0.16216652835469691,1127.776953631517,0.017420547703463685,0.12777695363151698
2019-08-13,1187.3590904497946,0.021677239432083217,0.1873590904497946,1152.2240446813728,0.021677239432083217,0.15222404468137274
2019-08-14,1197.2733585665605,0.008349848160096318,0.19727335856656047,1161.8449405008744,0.008349848160096318,0.1618449405008744
2019-08-15,1198.4984491349123,0.0010232338000224495,0.19849844913491244,1163.0337795143798,0.0010232338000224495,0.16303377951437992
2019-08-16,1198.415265746271,-6.94063381571075e-05,0.198415265746271,1162.953057598591,-6.940633815688546e-05,0.1629530575985909
2019-08-19,1192.6093231892953,-0.004844683410604067,0.19260932318929536,1157.3189182131316,-0.004844683410604178,0.1573189182131316
2019-08-20,1183.6884688028135,-0.007480114579873853,0.18368846880281353,1148.6620400994418,-0.007480114579873742,0.14866204009944184
2019-08-21,1182.3206059894649,-0.0011555935952743956,0.18232060598946487,1147.3346536027682,-0.0011555935952742846,0.1473346536027682
2019-08-22,1174.3455488762886,-0.006745257650738523,0.17434554887628861,1139.5955857525967,-0.006745257650738523,0.13959558575259656
2019-08-23,1195.7614513157448,0.01823645728461165,0.19576145131574485,1160.377771973906,0.01823645728461165,0.1603777719739059
2019-08-26,1186.0948662464841,-0.00808404139356067,0.18609486624648408,1150.997230033101,-0.008084041393560892,0.15099723003310106
2019-08-27,1199.070637004269,0.010939909721427332,0.19907063700426897,1163.589035819276,0.010939909721427332,0.16358903581927597
2019-08-28,1201.4596514111392,0.0019923883824217725,0.2014596514111393,1165.9073570961557,0.0019923883824217725,0.16590735709615578
2019-08-29,1193.0587202039899,-0.006992270774372034,0.19305872020398995,1157.7550171575067,-0.006992270774372256,0.15775501715750662
2019-08-30,1195.4118646632214,0.0019723626502048397,0.19541186466322147,1160.0385299114355,0.0019723626502048397,0.16003852991143552
2019-09-30,1195.4118646632214,0.0,0.19541186466322147,1160.0385299114355,0.0,0.16003852991143552
2019-10-31,1195.4118646632214,0.0,0.19541186466322147,1160.0385299114355,0.0,0.16003852991143552
2019-11-30,1195.4118646632214,0.0,0.19541186466322147,1160.0385299114355,0.0,0.16003852991143552
2019-12-31,1195.4118646632214,0.0,0.19541186466322147,1160.0385299114355,0.0,0.16003852991143552
2020-01-31,1195.4118646632214,0.0,0.19541186466322147,1160.0385299114355,0.0,0.16003852991143552
2020-02-29,1195.4118646632214,0.0,0.19541186466322147,1160.0385299114355,0.0,0.16003852991143552
2020-03-31,1195.4118646632214,0.0,0.19541186466322147,1160.0385299114355,0.0,0.16003852991143552
2020-04-30,1195.4118646632214,0.0,0.19541186466322147,1160.0385299114355,0.0,0.16003852991143552
2020-05-31,1195.4118646632214,0.0,0.19541186466322147,1160.0385299114355,0.0,0.16003852991143552
2020-06-30,1195.4118646632214,0.0,0.19541186466322147,1160.0385299114355,0.0,0.16003852991143552
2020-07-31,1195.4118646632214,0.0,0.19541186466322147,1160.0385299114355,0.0,0.16003852991143552
2020-08-03,1190.3184242359398,-0.0042608247231313845,0.1903184242359397,1152.2080695407456,-0.006750172661323384,0.1522080695407455
2020-08-04,1204.9356032632752,0.012280057780940545,0.2049356032632752,1166.357251210372,0.012280057780940545,0.16635725121037193
2020-08-05,1213.6546067893528,0.007236074278546001,0.21365460678935277,1174.797098915451,0.007236074278546001,0.17479709891545103
2020-08-06,1222.6941066975437,0.0074481651184963305,0.22269410669754364,1183.5471816889037,0.0074481651184963305,0.18354718168890383
2020-08-07,1213.710360667717,-0.0073475008840040434,0.21371036066771687,1174.851067725184,-0.0073475008840040434,0.174851067725184
2020-08-10,1213.4447073243148,-0.00021887705008627467,0.21344470732431486,1174.5939197891896,-0.00021887705008627467,0.1745939197891897
2020-08-11,1179.688720505035,-0.027818314765831298,0.17968872050503504,1141.9186964064622,-0.02781831476583141,0.14191869640646226
2020-08-12,1173.3121162247426,-0.0054053278372980795,0.17331211622474263,1135.7462514888452,-0.0054053278372980795,0.13574625148884523
2020-08-13,1176.7193742541685,0.002903965604982517,0.17671937425416862,1139.0444195391567,0.002903965604982517,0.1390444195391567
2020-08-14,1170.4411398819875,-0.005335370955509511,0.1704411398819876,1132.9671950261122,-0.005335370955509622,0.1329671950261122
2020-08-17,1186.6473404702965,0.013846232874164865,0.1866473404702964,1148.654522647233,0.013846232874164865,0.1486545226472331
2020-08-18,1191.090037433211,0.0037439067289812833,0.19109003743321096,1152.954978043847,0.0037439067289812833,0.15295497804384706
2020-08-19,1173.716421913181,-0.014586315873710065,0.17371642191318104,1136.137612545933,-0.014586315873709954,0.13613761254593304
2020-08-20,1171.7978619741077,-0.0016346026205767972,0.17179786197410762,1134.2804790271298,-0.0016346026205766861,0.1342804790271297
2020-08-21,1178.409802927209,0.0056425610317827335,0.17840980292720898,1140.6807258572,0.0056425610317827335,0.14068072585720004
2020-08-24,1179.754857402271,0.0011414148725856776,0.17975485740227093,1141.9827158025653,0.0011414148725856776,0.14198271580256527
2020-08-25,1170.2895428177103,-0.008023119824573155,0.17028954281771025,1132.8204516360897,-0.008023119824573266,0.1328204516360898
2020-08-26,1188.702076899455,0.015733315054164088,0.18870207689945495,1150.6434727014807,0.015733315054164088,0.1506434727014807
2020-08-27,1187.6221048100417,-0.00090853049759132,0.1876221048100417,1149.598078014677,-0.000908530497591431,0.14959807801467706
2020-08-28,1207.592205827244,0.016815198147896115,0.20759220582724391,1168.9287974869344,0.016815198147896115,0.16892879748693446
2020-08-31,1206.4344617753752,-0.00095872103702066,0.20643446177537528,1167.8081208580043,-0.000958721037020771,0.16780812085800423
2020-09-30,1206.4344617753752,0.0,0.20643446177537528,1167.8081208580043,0.0,0.16780812085800423
2020-10-31,1206.4344617753752,0.0,0.20643446177537528,1167.8081208580043,0.0,0.16780812085800423
2020-11-30,1206.4344617753752,0.0,0.20643446177537528,1167.8081208580043,0.0,0.16780812085800423
2020-12-31,1206.4344617753752,0.0,0.20643446177537528,1167.8081208580043,0.0,0.16780812085800423
2021-01-31,1206.4344617753752,0.0,0.20643446177537528,1167.8081208580043,0.0,0.16780812085800423
2021-02-28,1206.4344617753752,0.0,0.20643446177537528,1167.8081208580043,0.0,0.16780812085800423
2021-03-31,1206.4344617753752,0.0,0.20643446177537528,1167.8081208580043,0.0,0.16780812085800423
2021-04-30,1206.4344617753752,0.0,0.20643446177537528,1167.8081208580043,0.0,0.16780812085800423
2021-05-31,1206.4344617753752,0.0,0.20643446177537528,1167.8081208580043,0.0,0.16780812085800423
2021-06-30,1206.4344617753752,0.0,0.20643446177537528,1167.8081208580043,0.0,0.16780812085800423
2021-07-31,1206.4344617753752,0.0,0.20643446177537528,1167.8081208580043,0.0,0.16780812085800423
2021-08-02,1209.3479382416397,0.002414947979832327,0.20934793824163966,1167.7017459285014,-9.108939011714945e-05,0.1677017459285013
2021-08-03,1202.5278359098086,-0.005639487294076262,0.2025278359098086,1161.1165067690667,-0.005639487294076484,0.16111650676906675
2021-08-04,1198.8477372055954,-0.0030603023017998776,0.19884773720559545,1157.5631392507437,-0.0030603023017997666,0.15756313925074372
2021-08-05,1203.573457268979,0.003941885125794853,0.2035734572689789,1162.1261201715247,0.003941885125794853,0.16212612017152472
2021-08-06,1187.0053826476908,-0.013765736126220895,0.18700538264769073,1146.1285986558548,-0.013765736126220673,0.14612859865585492
2021-08-09,1176.499567148806,-0.008850689013263802,0.17649956714880588,1135.984570859944,-0.008850689013263913,0.13598457085994387
2021-08-10,1175.3232805817881,-0.0009998189543481972,0.17532328058178814,1134.848791954151,-0.0009998189543481972,0.134848791954151
2021-08-11,1185.1613773647875,0.008370545317650357,0.18516137736478755,1144.348095195884,0.008370545317650357,0.14434809519588399
2021-08-12,1180.4219790099828,-0.003998947692121724,0.1804219790099828,1139.7719070216167,-0.003998947692121613,0.1397719070216168
2021-08-13,1190.9867374584544,0.008949984527848454,0.1909867374584544,1149.9728479547364,0.008949984527848454,0.14997284795473642
2021-08-16,1190.2644622671894,-0.0006064510783775345,0.1902644622671894,1149.2754456809894,-0.0006064510783775345,0.14927544568098927
2021-08-17,1194.27684403583,0.003371000223763687,0.19427684403583,1153.1496534655462,0.003371000223763687,0.1531496534655461
2021-08-18,1188.8597358420686,-0.00453588983225639,0.18885973584206872,1147.919093677322,-0.004535889832256168,0.14791909367732203
2021-08-19,1192.5675028542355,0.00311875900948122,0.19256750285423552,1151.4991766928838,0.00311875900948122,0.1514991766928837
2021-08-20,1188.7103349045954,-0.0032343393060841885,0.18871033490459532,1147.7748376447823,-0.0032343393060842995,0.14777483764478228
2021-08-23,1183.052839733976,-0.004759355584363911,0.18305283973397612,1142.3121690616454,-0.0047593555843638,0.14231216906164534
2021-08-24,1184.9298702895537,0.0015865990871546387,0.18492987028955366,1144.1245605063243,0.0015865990871546387,0.14412456050632438
2021-08-25,1185.5555860103302,0.0005280613954170565,0.18555558601033018,1144.7287285182763,0.0005280613954170565,0.14472872851827634
2021-08-26,1190.1491262413576,0.0038745886614104386,0.1901491262413577,1149.1640814701839,0.0038745886614104386,0.14916408147018378
2021-08-27,1200.3698523208866,0.00858776925863669,0.20036985232088655,1159.032837442163,0.00858776925863669,0.159032837442163
2021-08-30,1201.667435363648,0.0010809860313074626,0.20166743536364806,1160.2857357492646,0.0010809860313074626,0.16028573574926464
2021-08-31,1210.4063201785973,0.0072722989387696835,0.21040632017859728,1168.7236804740237,0.0072722989387696835,0.16872368047402375
2021-09-30,1210.4063201785973,0.0,0.21040632017859728,1168.7236804740237,0.0,0.16872368047402375
2021-10-31,1210.4063201785973,0.0,0.21040632017859728,1168.7236804740237,0.0,0.16872368047402375
2021-11-30,1210.4063201785973,0.0,0.21040632017859728,1168.7236804740237,0.0,0.16872368047402375
2021-12-31,1210.4063201785973,0.0,0.21040632017859728,1168.7236804740237,0.0,0.16872368047402375
2022-01-31,1210.4063201785973,0.0,0.21040632017859728,1168.7236804740237,0.0,0.16872368047402375
2022-02-28,1210.4063201785973,0.0,0.21040632017859728,1168.7236804740237,0.0,0.16872368047402375
2022-03-31,1210.4063201785973,0.0,0.21040632017859728,1168.7236804740237,0.0,0.16872368047402375
2022-04-30,1210.4063201785973,0.0,0.21040632017859728,1168.7236804740237,0.0,0.16872368047402375
2022-05-31,1210.4063201785973,0.0,0.21040632017859728,1168.7236804740237,0.0,0.16872368047402375
2022-06-30,1210.4063201785973,0.0,0.21040632017859728,1168.7236804740237,0.0,0.16872368047402375
2022-07-31,1210.4063201785973,0.0,0.21040632017859728,1168.7236804740237,0.0,0.16872368047402375
2022-08-31,1210.4063201785973,0.0,0.21040632017859728,1168.7236804740237,0.0,0.16872368047402375
2022-09-30,1210.4063201785973,0.0,0.21040632017859728,1168.7236804740237,0.0,0.16872368047402375
2022-10-31,1210.4063201785973,0.0,0.21040632017859728,1168.7236804740237,0.0,0.16872368047402375
2022-11-30,1210.4063201785973,0.0,0.21040632017859728,1168.7236804740237,0.0,0.16872368047402375
2022-12-31,1210.4063201785973,0.0,0.21040632017859728,1168.7236804740237,0.0,0.16872368047402375
2023-01-31,1210.4063201785973,0.0,0.21040632017859728,1168.7236804740237,0.0,0.16872368047402375
2023-02-28,1210.4063201785973,0.0,0.21040632017859728,1168.7236804740237,0.0,0.16872368047402375
2023-03-31,1210.4063201785973,0.0,0.21040632017859728,1168.7236804740237,0.0,0.16872368047402375
2023-04-30,1210.4063201785973,0.0,0.21040632017859728,1168.7236804740237,0.0,0.16872368047402375
2023-05-31,1210.4063201785973,0.0,0.21040632017859728,1168.7236804740237,0.0,0.16872368047402375
2023-06-30,1210.4063201785973,0.0,0.21040632017859728,1168.7236804740237,0.0,0.16872368047402375
2023-07-31,1210.4063201785973,0.0,0.21040632017859728,1168.7236804740237,0.0,0.16872368047402375
2023-08-01,1187.392193244108,-0.019013554829334867,0.18739219324410805,1143.6358334732515,-0.021466020942261355,0.14363583347325148
2023-08-02,1172.6418680343127,-0.012422454260454296,0.1726418680343127,1129.4290696413136,-0.012422454260454185,0.12942906964131362
2023-08-03,1189.0999100007914,0.01403501138337071,0.1890999100007913,1145.2806194904392,0.01403501138337071,0.14528061949043924
2023-08-04,1186.3482736441806,-0.0023140497560116824,0.1863482736441806,1142.6303831523426,-0.0023140497560115714,0.14263038315234255
2023-08-07,1220.3759697358084,0.02868272062056687,0.22037596973580853,1175.4041312048726,0.02868272062056687,0.17540413120487264
2023-08-08,1233.2096057983863,0.010516133044930598,0.23320960579838634,1187.7648374301841,0.010516133044930598,0.18776483743018413
2023-08-09,1271.1855299408726,0.03079437912576144,0.2711855299408725,1224.3413181462577,0.03079437912576144,0.22434131814625768
2023-08-10,1230.2146035473534,-0.03223048518765381,0.23021460354735335,1184.880203427112,-0.03223048518765392,0.18488020342711198
2023-08-11,1236.8572308686694,0.005399567930799876,0.2368572308686694,1191.2780445753767,0.005399567930799876,0.19127804457537678
2023-08-14,1242.5154323194336,0.004574660122082408,0.24251543231943362,1196.727736740208,0.004574660122082408,0.19672773674020805
2023-08-15,1219.8499368903135,-0.01824162086004022,0.2198499368903135,1174.8974830938992,-0.01824162086004022,0.1748974830938992
2023-08-16,1210.168937717403,-0.007936221399158061,0.21016893771740297,1165.5732365467525,-0.007936221399158061,0.16557323654675238
2023-08-17,1219.829504336343,0.007982824808874689,0.21982950433634296,1174.8778034960183,0.007982824808874689,0.17487780349601834
2023-08-18,1203.9555460505153,-0.013013259828031476,0.20395554605051536,1159.5888133729377,-0.013013259828031476,0.15958881337293773
2023-08-21,1212.073989513995,0.006743142211613762,0.21207398951399492,1167.408085648508,0.006743142211613762,0.16740808564850784
2023-08-22,1196.209483464237,-0.01308872741021283,0.19620948346423717,1152.128199438976,-0.013088727410213052,0.15212819943897604
2023-08-23,1182.510329725306,-0.01145213604163886,0.18251032972530612,1138.9338705615924,-0.011452136041638972,0.13893387056159234
2023-08-24,1185.840342460058,0.002816053822993325,0.1858403424600581,1142.1411696419239,0.002816053822993325,0.14214116964192391
2023-08-25,1189.091222779038,0.002741414845303547,0.189091222779038,1145.2722523998125,0.002741414845303547,0.14527225239981245
2023-08-28,1189.6532871055856,0.0004726839419721962,0.1896532871055856,1145.8136042027081,0.0004726839419721962,0.14581360420270806
2023-08-29,1189.2295186271235,-0.0003562117493014494,0.18922951862712356,1145.4054519343817,-0.00035621174930133837,0.1454054519343817
2023-08-30,1223.8673504898659,0.029126279931841248,0.22386735048986584,1178.7668517628797,0.029126279931841248,0.17876685176287976
2023-08-31,1215.1165655660916,-0.007150108972407532,0.2151165655660916,1170.3385403197133,-0.007150108972407643,0.1703385403197133
2023-09-30,1215.1165655660916,0.0,0.2151165655660916,1170.3385403197133,0.0,0.1703385403197133
2023-10-31,1215.1165655660916,0.0,0.2151165655660916,1170.3385403197133,0.0,0.1703385403197133
2023-11-30,1215.1165655660916,0.0,0.2151165655660916,1170.3385403197133,0.0,0.1703385403197133
2023-12-01,1218.2897621249526,0.002611433872916402,0.21828976212495266,1170.461315021617,0.00010490528823425826,0.1704613150216172
2023-12-04,1223.9425262303173,0.004639917596865439,0.2239425262303174,1175.892159073636,0.004639917596865439,0.1758921590736362
2023-12-05,1211.4012966506957,-0.010246583733182324,0.21140129665069574,1163.8432816044956,-0.010246583733182324,0.16384328160449568
2023-12-06,1239.6508647703324,0.023319744000391607,0.23965086477033237,1190.9838089880882,0.023319744000391607,0.1909838089880882
2023-12-07,1234.5894468046363,-0.0040829382768461375,0.23458944680463634,1186.1210956072666,-0.0040829382768462485,0.18612109560726653
2023-12-08,1218.4439692378342,-0.01307760859983842,0.21844396923783416,1170.609468166903,-0.01307760859983853,0.17060946816690303
2023-12-11,1252.6615583175212,0.028083022234572708,0.25266155831752113,1203.4837198894356,0.028083022234572708,0.2034837198894357
2023-12-12,1282.2780158442597,0.023642824616185276,0.2822780158442597,1231.9374744072159,0.023642824616185276,0.2319374744072158
2023-12-13,1265.0857627444657,-0.013407586254588155,0.2650857627444656,1215.4201664588415,-0.013407586254588266,0.21542016645884154
2023-12-14,1290.6917410334343,0.02024050783199005,0.2906917410334342,1240.0208878572105,0.02024050783199005,0.24002088785721054
2023-12-15,1263.7946261630714,-0.020839301914821973,0.2637946261630715,1214.1797181944687,-0.02083930191482175,0.21417971819446868
2023-12-18,1264.9189724796172,0.0008896590421176853,0.26491897247961727,1215.2599241595162,0.0008896590421176853,0.21525992415951634
2023-12-19,1283.8989571192815,0.015004901541209259,0.28389895711928137,1233.4947796685071,0.015004901541209259,0.23349477966850718
2023-12-20,1297.27822896859,0.010420813705875887,0.29727822896859,1246.3487989746031,0.010420813705875887,0.24634879897460316
2023-12-21,1266.5233065986158,-0.02370726778821075,0.2665233065986159,1216.8012742397973,-0.023707267788210862,0.21680127423979734
2023-12-22,1258.1241651808548,-0.006631651682998063,0.2581241651808548,1208.7318720216108,-0.006631651682998063,0.2087318720216107
2023-12-26,1272.25998567332,0.011235632287877717,0.2722599856733199,1222.3127388702837,0.011235632287877717,0.2223127388702837
2023-12-27,1273.9498646500736,0.0013282497255144854,0.27394986465007354,1223.936275430181,0.0013282497255144854,0.22393627543018102
2023-12-28,1237.1029280846155,-0.028923380415428745,0.23710292808461553,1188.535900931671,-0.028923380415428634,0.18853590093167094
2023-12-29,1240.4242022997119,0.002684719387285428,0.24042420229971184,1191.726786307387,0.002684719387285428,0.19172678630738704
2024-01-31,1240.4242022997119,0.0,0.24042420229971184,1191.726786307387,0.0,0.19172678630738704
2024-02-29,1240.4242022997119,0.0,0.24042420229971184,1191.726786307387,0.0,0.19172678630738704
2024-03-31,1240.4242022997119,0.0,0.24042420229971184,1191.726786307387,0.0,0.19172678630738704
2024-04-30,1240.4242022997119,0.0,0.24042420229971184,1191.726786307387,0.0,0.19172678630738704
2024-05-31,1240.4242022997119,0.0,0.24042420229971184,1191.726786307387,0.0,0.19172678630738704
2024-06-30,1240.4242022997119,0.0,0.24042420229971184,1191.726786307387,0.0,0.19172678630738704
2024-07-31,1240.4242022997119,0.0,0.24042420229971184,1191.726786307387,0.0,0.19172678630738704
2024-08-01,1217.0353853955799,-0.01885549867599312,0.21703538539557976,1166.3330430073577,-0.021308359929303022,0.16633304300735774
2024-08-02,1205.8569691441091,-0.00918495582430201,0.20585696914410923,1155.6203255309113,-0.009184955824302121,0.1556203255309112
2024-08-05,1195.2116246065489,-0.00882803251957498,0.19521162460654895,1145.4184717168425,-0.00882803251957498,0.14541847171684252
2024-08-06,1213.9924824997888,0.015713416357896026,0.21399248249978875,1163.4169090669543,0.015713416357896026,0.16341690906695439
2024-08-07,1252.6224834220504,0.03182062613988901,0.2526224834220505,1200.4375635751992,0.03182062613988901,0.20043756357519915
2024-08-08,1261.8517674722132,0.007367969338175406,0.26185176747221317,1209.2823507360154,0.007367969338175406,0.2092823507360153
2024-08-09,1263.2268565209613,0.0010897389726709505,0.2632268565209612,1210.6001528425754,0.0010897389726709505,0.21060015284257538
2024-08-12,1283.7758181607471,0.016267039869924504,0.28377581816074704,1230.2930337954024,0.016267039869924504,0.23029303379540234
2024-08-13,1276.0899938286138,-0.005986889785122074,0.2760899938286139,1222.927404998666,-0.005986889785122074,0.2229274049986658
2024-08-14,1288.5584721982373,0.009770845653459537,0.28855847219823727,1234.8764399182937,0.009770845653459537,0.23487643991829366
2024-08-15,1292.558994488115,0.0031046494017870074,0.29255899448811507,1238.710298318767,0.0031046494017870074,0.238710298318767
2024-08-16,1266.3705873481358,-0.02026089892349603,0.2663705873481359,1213.6129141690367,-0.02026089892349614,0.2136129141690366
2024-08-19,1297.6542811066563,0.024703427315088344,0.29765428110665626,1243.593312582864,0.024703427315088344,0.24359331258286399
2024-08-20,1285.2667067317718,-0.009546128391238584,0.2852667067317718,1231.7218111544623,-0.009546128391238473,0.23172181115446233
2024-08-21,1295.6201652248012,0.00805549419338547,0.29562016522480117,1241.6439390520834,0.00805549419338547,0.24164393905208348
2024-08-22,1272.308565072624,-0.017992619116214748,0.272308565072624,1219.3035125787626,-0.01799261911621486,0.21930351257876257
2024-08-23,1277.2855220822948,0.0039117531283667795,0.27728552208229496,1224.073126908521,0.0039117531283667795,0.224073126908521
2024-08-26,1266.287139539594,-0.008610747051114198,0.2662871395395938,1213.5329428406455,-0.008610747051114087,0.2135329428406456
2024-08-27,1240.4962871394157,-0.020367301850317654,0.24049628713941562,1188.8165510885058,-0.020367301850317654,0.1888165510885058
2024-08-28,1237.1935050201662,-0.0026624683632594515,0.23719350502016612,1185.6513646315134,-0.0026624683632594515,0.18565136463151344
2024-08-29,1240.820352476613,0.0029315118788855177,0.24082035247661282,1189.1271156911475,0.0029315118788855177,0.1891271156911476
2024-08-30,1234.8235558682538,-0.0048329289541308995,0.23482355586825387,1183.3801488235817,-0.0048329289541307885,0.18338014882358178
2024-09-30,1234.8235558682538,0.0,0.23482355586825387,1183.3801488235817,0.0,0.18338014882358178
2024-10-31,1234.8235558682538,0.0,0.23482355586825387,1183.3801488235817,0.0,0.18338014882358178
2024-11-30,1234.8235558682538,0.0,0.23482355586825387,1183.3801488235817,0.0,0.18338014882358178
2024-12-02,1233.0970778239732,-0.0013981576850197186,0.23309707782397315,1178.7712827822688,-0.0038946622908071493,0.17877128278226873
2024-12-03,1268.6611415586224,0.028841252140024976,0.2686611415586224,1212.768522564413,0.028841252140024976,0.21276852256441292
2024-12-04,1269.549515054984,0.0007002449017003975,0.26954951505498403,1213.6177575392815,0.0007002449017003975,0.21361775753928147
2024-12-05,1256.294079708064,-0.010441054239893943,0.25629407970806395,1200.9463087063152,-0.010441054239894054,0.20094630870631525
2024-12-06,1263.8796584731076,0.006038059788362915,0.26387965847310757,1208.1976943208977,0.006038059788362915,0.20819769432089763
2024-12-09,1254.7482374803576,-0.007224913330579064,0.2547482374803576,1199.468570693224,-0.007224913330578953,0.199468570693224
2024-12-10,1266.779894873411,0.00958890160883108,0.266779894873411,1210.9701568004864,0.00958890160883108,0.21097015680048647
2024-12-11,1240.604643968384,-0.020662824702978644,0.240604643968384,1185.9480927299792,-0.020662824702978755,0.18594809272997925
2024-12-12,1220.8648977953158,-0.015911391488851456,0.22086489779531582,1167.0780083410957,-0.015911391488851456,0.16707800834109565
2024-12-13,1232.1437520585812,0.009238413098479059,0.23214375205858118,1177.859957100301,0.009238413098479059,0.177859957100301
2024-12-16,1247.2884955559068,0.012291377099484357,0.24728849555590693,1192.3374780034032,0.012291377099484357,0.19233747800340328
2024-12-17,1234.8908398301005,-0.009939685782382468,0.2348908398301004,1180.486018125491,-0.009939685782382468,0.18048601812549103
2024-12-18,1225.9353037524108,-0.0072520872200507736,0.22593530375241078,1171.9250305599944,-0.007252087220050885,0.17192503055999442
2024-12-19,1181.8320124531253,-0.035975219217761034,0.1818320124531254,1129.7647706788173,-0.035975219217761034,0.1297647706788172
2024-12-20,1170.1253265652977,-0.009905541366685533,0.17012532656529755,1118.5738390082342,-0.009905541366685533,0.11857383900823426
2024-12-23,1177.927647587437,0.006667936198801572,0.17792764758743695,1126.0324180003897,0.006667936198801572,0.12603241800038978
2024-12-24,1153.0063749911333,-0.02115687890283069,0.15300637499113323,1102.2090864920938,-0.0211568789028308,0.1022090864920937
2024-12-26,1189.165391708759,0.03136063902326969,0.189165391708759,1136.77506778174,0.03136063902326969,0.1367750677817401
2024-12-27,1172.9881005411598,-0.01360390344387108,0.17298810054115976,1121.3104895222373,-0.01360390344387108,0.12131048952223722
2024-12-30,1087.5116789139565,-0.07287066389485841,0.0875116789139565,1039.599849718483,-0.07287066389485852,0.03959984971848307
2024-12-31,1137.6182075438428,0.04607447405063736,0.1376182075438428,1087.4988660173838,0.04607447405063736,0.08749886601738366
