direction,run,date,baseline_ticker,gps_ticker,baseline_value,gps_value
long,1,2016-01-01,GD,SU,982.4642244886455,801.2951503609547
long,1,2016-02-01,ZC,ZC,949.7047721141297,774.5766300709737
long,1,2016-03-01,CO,NG,1026.3388354616854,782.3584033281398
long,1,2016-04-01,CP,CC,1093.472390504922,918.3613224759259
long,1,2016-05-01,NG,HE,1049.6297374957135,907.9328152147374
long,1,2016-06-01,CF,LE,1133.2462193509673,956.3204894268536
long,1,2016-07-01,HE,LE,891.9475830826806,921.5069320117751
long,1,2016-08-01,ZW,ZS,769.305223555958,792.0167651600786
long,1,2016-09-01,NG,SV,637.1431705824234,838.2495676512501
long,1,2016-10-01,ZS,GD,643.5042299715792,779.6413558795234
long,1,2016-11-01,SU,SV,602.3166373051766,671.3093165144102
long,1,2016-12-01,CT,GD,582.8260469004122,699.8153618426588
long,1,2017-01-01,GD,HE,626.3698202794892,681.4624822079729
long,1,2017-02-01,HO,LE,620.6211439084028,686.9193483254959
long,1,2017-03-01,CO,NG,578.8587499134657,817.4841536482044
long,1,2017-04-01,NG,CC,518.8442455589549,673.8782981569583
long,1,2017-05-01,HE,NG,527.6253431802552,621.2285506745982
long,1,2017-06-01,CF,CC,526.8781025300297,571.645633235158
long,1,2017-07-01,SU,SV,535.6464964722137,491.4897659395734
long,1,2017-08-01,CF,GD,497.5153872958476,510.783948143505
long,1,2017-09-01,NG,SV,414.2981939928901,485.381618289779
long,1,2017-10-01,ZS,NG,410.611828080238,550.8894270331909
long,1,2017-11-01,SU,CF,442.57622823069386,538.3356281702333
long,1,2017-12-01,ZS,GD,398.3358078698937,589.9898233642805
long,1,2018-01-01,GD,ZC,426.34355562370433,601.1770125449904
long,1,2018-02-01,CP,ZS,410.13348902971046,658.0691214549053
long,1,2018-03-01,HO,ZS,402.11709466409576,659.9104481400784
long,1,2018-04-01,NG,CP,395.69731143195906,662.4512875572601
long,1,2018-05-01,HE,SV,408.9572863132435,665.666755096497
long,1,2018-06-01,CF,NG,392.7308558486708,666.3626348041851
long,1,2018-07-01,CC,ZW,364.20698585844104,833.9112208132779
long,1,2018-08-01,CF,ZS,298.94743872598576,790.7620792635408
long,1,2018-09-01,SU,ZW,292.873758975393,721.4784979197217
long,1,2018-10-01,ZS,CP,310.5463039088682,673.4818015334158
long,1,2018-11-01,SU,CP,290.01441311485894,679.805682493816
long,1,2018-12-01,CT,SU,258.6630547154027,574.5553322893867
long,1,2019-01-01,GD,HO,273.0636884568094,531.4153067829875
long,1,2019-02-01,CP,ZS,290.3809074298013,567.5378297059336
long,1,2019-03-01,CT,GD,332.24758642583805,544.0666432286786
long,1,2019-04-01,NG,CC,290.66453323471717,532.153411837578
long,1,2019-05-01,HE,CC,272.81827167891083,529.3103389642755
long,1,2019-06-01,CF,ZW,276.4502949948406,449.62517813988774
long,1,2019-07-01,CC,ZS,269.0486367488577,416.37957619856695
long,1,2019-08-01,CT,SV,270.5155328206797,476.1721100019131
long,1,2019-09-01,SU,LE,269.11858630295495,513.0316957114004
long,1,2019-10-01,ZS,LE,277.81614711315837,544.9368039298365
long,1,2019-11-01,NG,ZW,211.83522386626095,571.1436137719246
long,1,2019-12-01,CP,SU,227.56948725181502,585.2029890385569
long,1,2020-01-01,GD,HO,234.59057135593636,490.4118513919187
long,1,2020-02-01,HO,LE,230.3678186400304,420.77636626150485
long,1,2020-03-01,CT,HE,194.75291516739864,327.7132850951706
long,1,2020-04-01,NG,CT,195.90213304859319,332.9673352222361
long,1,2020-05-01,HE,GD,167.4250072454712,325.62112076078654
long,1,2020-06-01,CF,ZW,165.85446372406932,307.61583903314573
long,1,2020-07-01,CC,ZC,171.89827031485163,274.1561859105403
long,1,2020-08-01,GD,SV,173.04741192460676,346.3502359900395
long,1,2020-09-01,SU,CC,221.39725538278395,277.6523756102388
long,1,2020-10-01,ZS,NG,234.07636908939725,253.37465797119822
long,1,2020-11-01,NG,HO,205.2298996096114,367.089317204427
long,1,2020-12-01,CP,SV,209.8764143855447,458.72910979117665
long,1,2021-01-01,GD,CP,193.326287447025,494.3082722909332
long,1,2021-02-01,HO,SV,233.81068781893336,494.9867800597796
long,1,2021-03-01,CT,ZC,205.56101068386653,450.6034896177372
long,1,2021-04-01,CP,HE,215.3320195269001,484.4380366261942
long,1,2021-05-01,HO,CF,255.34355026390207,528.1524958780672
long,1,2021-06-01,CO,HO,174.0234863539334,456.51107060759676
long,1,2021-07-01,CC,GD,157.8517576114202,456.37383273299156
long,1,2021-08-01,GD,CF,159.44424624672186,452.60107426109136
long,1,2021-09-01,SU,NG,145.88208362220456,511.1387090722838
long,1,2021-10-01,ZS,LE,142.69828250086644,546.2433909315472
long,1,2021-11-01,CF,HO,164.55181270443637,514.8280128449297
long,1,2021-12-01,CP,NG,169.0946824002081,443.8856192339704
long,1,2022-01-01,SV,GD,168.57322665553917,445.41475788090406
long,1,2022-02-01,HO,CC,171.41294757092936,406.195575565283
long,1,2022-03-01,ZW,CO,182.92667044676884,578.8003664312532
long,1,2022-04-01,CT,ZC,223.9443631745097,565.6341634188199
long,1,2022-05-01,HO,SV,225.08950981859996,603.5900995603672
long,1,2022-06-01,CF,LE,234.86619155392083,627.1329529336637
long,1,2022-07-01,GD,SV,233.94364220196175,550.676601833566
long,1,2022-08-01,GD,CO,215.21070163735405,503.4108869979727
long,1,2022-09-01,SU,HO,200.70219596035238,470.0160748102307
long,1,2022-10-01,ZS,CO,214.49467633128617,530.9815774077325
long,1,2022-11-01,CF,CP,205.66194828415493,585.7487442915814
long,1,2022-12-01,CP,LE,206.7438754422574,613.3702405577217
long,1,2023-01-01,SV,CT,170.01030517137812,571.1025979767334
long,1,2023-02-01,HO,HE,161.16295047637536,534.216227884572
long,1,2023-03-01,ZW,LE,144.17204338506352,534.3163180346447
long,1,2023-04-01,CT,SU,137.5316941247354,612.7759164796385
long,1,2023-05-01,HO,ZS,149.7474509896779,564.3540612235336
long,1,2023-06-01,CF,SU,138.18672877506066,466.69723786306855
long,1,2023-07-01,NG,LE,111.31662860324496,452.5019517825923
long,1,2023-08-01,NG,CT,132.41286453565405,520.2656824109445
long,1,2023-09-01,ZW,HO,122.42446749843673,547.6286539178964
long,1,2023-10-01,ZC,CO,126.05926119968929,521.5828341035883
long,1,2023-11-01,CF,SU,139.94836730267994,494.84896555265783
long,1,2023-12-01,GD,SV,145.86493095660265,472.664638570813
long,1,2024-01-01,GD,SU,136.3214905872128,492.4390204109305
long,1,2024-02-01,CC,CO,160.05083312406305,440.381358998999
long,1,2024-03-01,ZW,NG,161.0470593384543,483.09398074523983
long,1,2024-04-01,SU,HE,135.07992701455078,474.9192119939733
long,1,2024-05-01,HO,ZW,102.39069058589277,526.5837569842807
long,1,2024-06-01,CF,CO,97.93715381183591,602.1553148692917
long,1,2024-07-01,NG,LE,70.84729191341717,593.3508202888908
long,1,2024-08-01,NG,HE,97.45576997937789,677.4669159261822
long,1,2024-09-01,LE,ZS,98.99480065581488,759.8797155262178
long,1,2024-10-01,ZC,LE,93.18865918040811,747.3747145825347
long,1,2024-11-01,CF,HO,118.0189555059869,669.0744968160437
long,1,2024-12-01,GD,SV,117.62576587282676,654.4338002442304
short,1,2016-01-01,ZS,LE,956.4596481167591,1018.5666757606608
short,1,2016-02-01,NG,ZW,1429.1051622706111,1098.0454072046655
short,1,2016-03-01,SU,ZC,1255.989048112583,1218.515523629253
short,1,2016-04-01,SU,ZW,1092.3512582560884,1321.5933614344551
short,1,2016-05-01,SU,CT,1030.5048460209384,1422.3058417763407
short,1,2016-06-01,CP,CT,899.5486987263092,1376.3431611314538
short,1,2016-07-01,HO,ZS,990.8187380367682,1600.9040814897955
short,1,2016-08-01,NG,HO,1042.0447912537575,1652.9820201170166
short,1,2016-09-01,HO,CT,1110.3434939108495,1628.2390338262392
short,1,2016-10-01,CF,HO,913.8263043690552,1435.755540849526
short,1,2016-11-01,ZS,CC,963.5795442826451,1427.6710008443335
short,1,2016-12-01,HE,CO,986.5473399968499,1299.8062241610005
short,1,2017-01-01,ZS,LE,892.9931354379756,1238.212789960426
short,1,2017-02-01,NG,CO,987.6580144304999,1177.4250204885927
short,1,2017-03-01,SU,ZC,1110.3244613209417,1291.3002478477213
short,1,2017-04-01,SU,ZW,1100.2565679267361,1364.247480584736
short,1,2017-05-01,SU,ZW,1261.7998319845378,1431.33701539261
short,1,2017-06-01,CP,SV,1330.8911693380617,1497.692570488563
short,1,2017-07-01,HO,ZS,1327.2041818141183,1382.087445395327
short,1,2017-08-01,NG,HO,1034.60004592765,1227.4699282525469
short,1,2017-09-01,HO,ZS,945.9314273440212,1127.5306519151234
short,1,2017-10-01,CF,GD,932.2268265346959,1187.7756432977258
short,1,2017-11-01,ZS,CT,962.4772376409386,1202.9435202387028
short,1,2017-12-01,HE,ZW,1021.8970366320082,1382.8018597243201
short,1,2018-01-01,CO,SU,1030.2767932637953,1544.5787817663193
short,1,2018-02-01,NG,LE,1188.515688535102,1512.8867968828079
short,1,2018-03-01,SU,SV,1295.3028724266142,1511.5710173079465
short,1,2018-04-01,ZW,GD,1155.7915836333036,1520.8277662298967
short,1,2018-05-01,CT,CP,1010.3132959022751,1510.8046746177329
short,1,2018-06-01,CP,GD,1070.7495726336845,1602.601858895984
short,1,2018-07-01,HO,CT,1031.5856167578572,1482.098362678154
short,1,2018-08-01,HE,SU,1046.4345428491738,1554.543437825169
short,1,2018-09-01,HO,ZS,979.8977431475558,1633.4093789020485
short,1,2018-10-01,CF,CC,916.3768955726556,1560.617675394665
short,1,2018-11-01,ZS,CF,850.4858304115064,1446.7892006123996
short,1,2018-12-01,HE,CO,959.3289405400731,1644.4587721931646
short,1,2019-01-01,NG,CO,1059.6503868093432,1524.5883700321638
short,1,2019-02-01,NG,CF,1205.0987065191887,1633.772928460558
short,1,2019-03-01,SU,CF,1182.557276407928,1883.8113599816643
short,1,2019-04-01,SU,GD,1040.7147728481903,1911.6348160019697
short,1,2019-05-01,ZW,CT,862.4519713968332,2106.4235424304666
short,1,2019-06-01,CP,HO,812.3785585080378,1876.7741475346218
short,1,2019-07-01,LE,HO,752.373852787358,1777.802215273501
short,1,2019-08-01,HE,SU,784.1073596893642,1902.5526726141472
short,1,2019-09-01,ZC,CT,731.9962706284462,1891.5292004535554
short,1,2019-10-01,CF,CC,758.9871183268966,1893.7044947492252
short,1,2019-11-01,GD,CT,797.1719581694532,2127.8099766041773
short,1,2019-12-01,CF,CO,649.3931158212823,2025.5964313191325
short,1,2020-01-01,NG,ZS,762.219213074531,2314.615214864185
short,1,2020-02-01,NG,SU,843.5975914204564,2306.006147286714
short,1,2020-03-01,CP,CF,1021.7360050269793,1917.3046674243644
short,1,2020-04-01,LE,GD,1030.2858090622312,1891.5631647635319
short,1,2020-05-01,CP,CT,918.8272060978959,1706.5366093086736
short,1,2020-06-01,CT,GD,887.3479421988751,1686.144798351937
short,1,2020-07-01,CT,HE,875.2290312298753,1616.4038255216874
short,1,2020-08-01,SU,CC,936.577665547967,1534.9624109777865
short,1,2020-09-01,ZC,LE,965.2119735923536,1369.003771795949
short,1,2020-10-01,CF,HE,878.3622311521192,1517.213231670681
short,1,2020-11-01,GD,CC,991.1405175762037,1383.8763059974008
short,1,2020-12-01,HO,CC,884.9674287604722,1527.9769438985102
short,1,2021-01-01,CO,SU,1197.0780977160762,1513.0259796548492
short,1,2021-02-01,NG,GD,1095.6507802967726,1661.2892185880023
short,1,2021-03-01,CP,LE,1096.9971874516714,1502.2632233048184
short,1,2021-04-01,LE,CT,1080.4564356139824,1196.282606541932
short,1,2021-05-01,NG,CC,1218.709705712916,991.7106793356596
short,1,2021-06-01,CT,CP,1093.3132694501414,1080.3381947111636
short,1,2021-07-01,CP,HO,1099.179293152953,994.3720177454298
short,1,2021-08-01,SU,ZS,1035.802160734876,1117.0641657583637
short,1,2021-09-01,ZC,HO,1043.1208327974643,890.9386583940584
short,1,2021-10-01,CF,ZC,1069.2430363767755,794.6685173157108
short,1,2021-11-01,GD,LE,1099.6235136057664,769.6048948420585
short,1,2021-12-01,CO,GD,1125.9166325632461,819.7383558902978
short,1,2022-01-01,CO,CP,1014.3924559619617,856.0177955077272
short,1,2022-02-01,NG,ZS,941.0110755237529,777.1632889564017
short,1,2022-03-01,CP,HE,939.1434729916193,735.9859956534555
short,1,2022-04-01,GD,ZS,947.0423980724449,701.136057609915
short,1,2022-05-01,CT,ZS,976.3040676444728,684.3682283915642
short,1,2022-06-01,SV,ZS,959.557962582783,731.2783410517221
short,1,2022-07-01,HE,CO,969.2316890474948,593.2076415496892
short,1,2022-08-01,SU,HO,926.9242985896564,595.8039135166359
short,1,2022-09-01,ZC,CF,918.886678413329,614.9479335037327
short,1,2022-10-01,HO,CC,836.9626458770355,629.3712662632514
short,1,2022-11-01,SV,CT,818.174160325976,551.3049188325089
short,1,2022-12-01,CO,NG,734.0773672078241,773.1716794790599
short,1,2023-01-01,CO,CP,818.4491646452542,629.2317802053878
short,1,2023-02-01,LE,NG,770.3361363646303,743.8001014082147
short,1,2023-03-01,CP,CC,867.8149326009816,701.6750840640531
short,1,2023-04-01,GD,CF,881.0760387136347,690.5067948949676
short,1,2023-05-01,CT,LE,888.2284794295217,648.6674298269121
short,1,2023-06-01,CC,SV,799.332553587521,621.3260650626418
short,1,2023-07-01,ZC,HE,717.5379303191895,558.1885492848636
short,1,2023-08-01,ZS,HO,701.2866409343785,508.6236728098996
short,1,2023-09-01,GD,ZC,743.0703927488687,538.58310636127
short,1,2023-10-01,NG,HO,909.1632746610135,559.3775785158246
short,1,2023-11-01,SV,GD,777.1136783251005,557.7291329805204
short,1,2023-12-01,CO,ZW,763.8181157153609,553.845721678649
short,1,2024-01-01,CO,HE,798.7296037186762,482.450954565307
short,1,2024-02-01,NG,LE,914.0869548173777,476.18565742929957
short,1,2024-03-01,CP,CC,844.7035835042565,267.7949091864528
short,1,2024-04-01,GD,CF,822.9175047137769,232.40041050055976
short,1,2024-05-01,CT,SU,871.2839588815413,260.3547654412116
short,1,2024-06-01,CT,CT,948.240743155355,283.35078793706793
short,1,2024-07-01,ZC,ZC,1026.008724075905,306.58921006686097
short,1,2024-08-01,ZS,ZS,1078.040736341117,322.13727819166996
short,1,2024-09-01,NG,NG,924.3209250220933,276.2031312219413
short,1,2024-10-01,HO,HO,820.8687728148522,245.28983303970455
short,1,2024-11-01,SV,GD,889.1091911055446,259.01574912482613
short,1,2024-12-01,CO,NG,908.2399429355664,157.27268096582043
long,2,2016-01-01,SV,CC,1010.6163445032679,889.897172186115
long,2,2016-02-01,ZS,CT,1097.2335931774464,755.3411302600676
long,2,2016-03-01,CP,HO,1143.5210494748655,788.7495837031747
long,2,2016-04-01,HO,ZS,1314.1672088381179,889.4409878850602
long,2,2016-05-01,HE,GD,1296.7988934619145,781.4718304680883
long,2,2016-06-01,CO,CC,1108.5224279559013,771.8533067353784
long,2,2016-07-01,SV,ZW,1189.391459510927,635.2478398554305
long,2,2016-08-01,CF,LE,1157.7316943164917,612.3205734724897
long,2,2016-09-01,HE,NG,796.083937624201,557.6831949109727
long,2,2016-10-01,ZW,CT,723.1162351273938,588.2938122091749
long,2,2016-11-01,SV,ZW,649.7895062589158,576.0148292607861
long,2,2016-12-01,CT,SU,687.5055869370758,554.5548490626827
long,2,2017-01-01,HE,CF,715.9238510660878,560.1109003812788
long,2,2017-02-01,ZS,CP,672.9631354471139,559.884576912433
long,2,2017-03-01,HE,CO,627.993930447724,490.9954686080409
long,2,2017-04-01,HO,ZS,570.5579885528635,475.08949442034105
long,2,2017-05-01,HE,SV,689.0210402791413,466.53623242504443
long,2,2017-06-01,SU,CC,633.1746749281044,366.7322585191399
long,2,2017-07-01,SV,CC,616.8212278140425,369.3268114749776
long,2,2017-08-01,CF,NG,565.0417089263528,422.531354333651
long,2,2017-09-01,SU,CC,575.8913222117855,435.83182562814284
long,2,2017-10-01,ZW,CP,540.0843706563055,491.9939980536084
long,2,2017-11-01,HE,CC,448.232259003699,488.20401173168835
long,2,2017-12-01,CT,ZW,490.8683958641022,483.40383814629956
long,2,2018-01-01,CF,HE,504.4459567706913,473.9033033412824
long,2,2018-02-01,CO,ZS,570.1048220148999,493.18425843176226
long,2,2018-03-01,ZW,NG,512.9156178935269,460.4557487462527
long,2,2018-04-01,ZS,CO,488.72921253488647,482.4295336690939
long,2,2018-05-01,HE,ZC,489.30171724808173,488.71704720408934
long,2,2018-06-01,SU,NG,433.5569476421533,467.4171387740409
long,2,2018-07-01,SV,CC,413.5120203129882,431.13259477003635
long,2,2018-08-01,CO,SV,421.78311622120765,372.0153352260322
long,2,2018-09-01,SU,CP,421.34290984960654,397.8031721741517
long,2,2018-10-01,LE,HE,416.8984072562035,435.14772362169293
long,2,2018-11-01,SV,CF,385.5076251087531,405.06892219886913
long,2,2018-12-01,CT,NG,387.0316166562557,270.4397684534562
long,2,2019-01-01,CF,CT,397.8654521752648,271.8409858869106
long,2,2019-02-01,CO,LE,413.8224410015966,281.69542151424787
long,2,2019-03-01,HE,NG,496.67926780025107,225.70441646349565
long,2,2019-04-01,HO,NG,479.6466340051868,228.5571062009291
long,2,2019-05-01,HE,ZS,531.19052682759,226.22102620567523
long,2,2019-06-01,HE,ZS,443.58443368095715,237.31782893274988
long,2,2019-07-01,SV,CP,460.07809307992915,240.55649772176673
long,2,2019-08-01,ZS,CC,470.9357548603745,231.75306522124424
long,2,2019-09-01,SU,GD,464.40555979640186,235.15135866051952
long,2,2019-10-01,CT,SV,523.4115595333469,234.38271294767574
long,2,2019-11-01,SV,HE,503.1354275855738,240.9679858667216
long,2,2019-12-01,CT,NG,540.0506698668651,259.349695198121
long,2,2020-01-01,CF,ZW,367.0833568377491,278.2836997632789
long,2,2020-02-01,CT,SU,333.81534688372017,305.4619613448038
long,2,2020-03-01,HE,HO,252.6376913043147,216.55136325160618
long,2,2020-04-01,CC,GD,317.56900968586314,220.17346217648142
long,2,2020-05-01,HE,NG,279.388255593849,211.93298192036028
long,2,2020-06-01,SU,CC,348.315050515701,182.92649637037593
long,2,2020-07-01,CO,CF,305.57095084434746,229.55481656181485
long,2,2020-08-01,GD,SV,272.4182281074732,257.67904139632327
long,2,2020-09-01,SU,ZW,362.2453461603805,259.57734718970744
long,2,2020-10-01,CT,ZS,428.91791391493877,254.5697676164452
long,2,2020-11-01,ZW,CT,414.1757972507977,272.825307985392
long,2,2020-12-01,ZC,CC,447.2685809658825,271.5633807533957
long,2,2021-01-01,SU,CP,417.57952565085577,263.3050045958785
long,2,2021-02-01,CP,GD,496.72440021602915,222.51748499648522
long,2,2021-03-01,ZC,ZS,550.1776378703198,238.76625857840077
long,2,2021-04-01,CC,ZS,587.254308699553,260.4384160919862
long,2,2021-05-01,HE,HO,534.137025481784,271.2540469669095
long,2,2021-06-01,LE,ZS,608.4154886025675,253.89614796008007
long,2,2021-07-01,CO,CF,659.3555589738774,290.0782623739316
long,2,2021-08-01,CO,ZS,699.3879221435668,295.2204815933971
long,2,2021-09-01,SU,CO,731.3938456724777,295.1669917051661
long,2,2021-10-01,LE,CP,757.5340292666549,294.17994412985087
long,2,2021-11-01,CF,SV,868.7235048041255,274.0762386827765
long,2,2021-12-01,ZC,CP,945.564540560784,262.0368918581764
long,2,2022-01-01,SV,GD,978.297082835911,252.7113132134496
long,2,2022-02-01,CP,ZS,1030.312779376937,295.0508099984036
long,2,2022-03-01,ZC,HE,1143.925950040799,354.91101070408354
long,2,2022-04-01,CC,HO,1007.0253059453635,541.0108531546606
long,2,2022-05-01,HE,CO,938.1306905427714,696.0317278397175
long,2,2022-06-01,SU,NG,978.9769121634555,488.1626401981904
long,2,2022-07-01,CF,SV,968.0135054846768,509.5937999072383
long,2,2022-08-01,CO,NG,947.4050782728835,666.0545611995835
long,2,2022-09-01,SU,HO,965.1030818794677,578.4651590149095
long,2,2022-10-01,LE,CP,1013.8915007082833,626.4375911964961
long,2,2022-11-01,ZC,CF,969.3101075393943,584.4352418258316
long,2,2022-12-01,ZC,CP,967.313514672185,551.4448694270261
long,2,2023-01-01,NG,ZC,470.1567292986431,568.9815846045811
long,2,2023-02-01,CP,CO,472.11152796632723,530.5523949986813
long,2,2023-03-01,NG,HE,287.549763632616,441.05445355730524
long,2,2023-04-01,CT,HO,264.69350030903547,406.62881536353075
long,2,2023-05-01,HO,HE,220.41194585244762,393.62150759037223
long,2,2023-06-01,LE,SV,235.12356789900295,347.3517844220937
long,2,2023-07-01,CO,CP,253.7300860388249,378.93420222137235
long,2,2023-08-01,NG,SV,324.2404122196263,360.5689557689394
long,2,2023-09-01,SU,ZW,323.1526285124306,335.6386750780543
long,2,2023-10-01,LE,SU,303.0041875782668,352.9213435320267
long,2,2023-11-01,HE,CF,280.8729485096087,445.905047696606
long,2,2023-12-01,ZC,ZW,270.80624441525543,421.8085648652937
long,2,2024-01-01,GD,CT,253.62515926684767,376.7169257722239
long,2,2024-02-01,CP,CO,250.55657282671064,362.96601976312104
long,2,2024-03-01,ZC,CC,241.11593247364394,546.7673632378245
long,2,2024-04-01,CT,NG,256.0979644459149,724.6552417023073
long,2,2024-05-01,CO,HO,268.3806183875055,622.279078420453
long,2,2024-06-01,LE,HO,268.6641553611466,654.2703575733043
long,2,2024-07-01,SV,CT,263.2333257482302,560.8822069246261
long,2,2024-08-01,NG,CO,222.44799777133565,582.4161128696351
long,2,2024-09-01,SU,HO,283.63019335020203,583.9866591967165
long,2,2024-10-01,LE,CC,277.08973544276245,618.1568094148167
long,2,2024-11-01,CF,HO,375.6798634328037,657.4362593231618
long,2,2024-12-01,CT,CF,304.53624085946615,612.1928490442417
short,2,2016-01-01,LE,CP,1014.7190259700958,1067.0887344966698
short,2,2016-02-01,HE,ZW,985.3974215824419,1159.76083355815
short,2,2016-03-01,SU,SV,913.4104662564058,1122.9056791995317
short,2,2016-04-01,CF,SU,884.6643766609618,1349.1613809136586
short,2,2016-05-01,CT,SU,810.7259779601344,1305.1440470131336
short,2,2016-06-01,ZC,ZW,813.057752163135,1549.6436975986312
short,2,2016-07-01,HE,NG,1043.4907264639794,1699.8758091320174
short,2,2016-08-01,HE,NG,915.2331515209491,1468.4292264395542
short,2,2016-09-01,CO,LE,856.9359691360586,1643.590506262266
short,2,2016-10-01,CC,NG,838.9217911926182,1733.063713512206
short,2,2016-11-01,SU,NG,1013.2610200448221,1804.1645244902186
short,2,2016-12-01,CO,SV,1023.6552934988243,1899.3116892060953
short,2,2017-01-01,LE,CP,1023.8948391902971,1594.968182930952
short,2,2017-02-01,HE,ZW,815.5658618632766,1520.5558789970034
short,2,2017-03-01,SU,GD,1018.7285436041517,1540.0076772306306
short,2,2017-04-01,CF,LE,1103.818570657188,1410.0365042799363
short,2,2017-05-01,CT,GD,1094.7071020260369,1423.471779562202
short,2,2017-06-01,ZC,CT,1155.8174567062656,1433.1477826625348
short,2,2017-07-01,NG,HO,1076.1227929194165,1148.8263249931567
short,2,2017-08-01,HE,CT,1135.621278161534,1205.555678670853
short,2,2017-09-01,CO,SV,1129.9364929013068,1287.5236093188364
short,2,2017-10-01,CC,HE,1036.6344920435206,1311.2354082913905
short,2,2017-11-01,SU,CT,1053.7132051705946,1207.3993992283476
short,2,2017-12-01,SV,CC,1088.7015940717226,1189.2801052751188
short,2,2018-01-01,LE,NG,1011.9478633147265,1159.4572164173612
short,2,2018-02-01,NG,ZW,1112.559473801943,994.451424281369
short,2,2018-03-01,SU,ZS,1388.3467150225579,929.1946486133817
short,2,2018-04-01,CF,LE,1459.4699410671608,844.2264845340846
short,2,2018-05-01,CT,GD,1366.4473938278772,829.1610713834589
short,2,2018-06-01,HO,ZC,1494.7912638891637,922.8732109978472
short,2,2018-07-01,HE,LE,1677.2297805070443,994.8604448087283
short,2,2018-08-01,LE,ZC,1700.406870355394,1085.5919362648222
short,2,2018-09-01,ZS,CO,1649.6136552132439,885.3884756825802
short,2,2018-10-01,NG,NG,1568.269859157911,841.7292471304524
short,2,2018-11-01,SU,SU,1474.2970846941407,791.2917333070203
short,2,2018-12-01,CO,CO,1788.5305349569635,959.9486031488944
short,2,2019-01-01,NG,NG,2009.1236451385473,1078.346384927989
short,2,2019-02-01,NG,NG,1957.699824690911,1050.7459477856196
short,2,2019-03-01,SU,SU,1936.4635011836533,1039.3478873732483
short,2,2019-04-01,CF,CF,2212.1505709525495,1187.3159608046765
short,2,2019-05-01,CT,CT,2499.1911848060586,1341.3777623395927
short,2,2019-06-01,CT,CT,2496.8345110151104,1340.1128771897552
short,2,2019-07-01,HE,HE,2229.5091989912057,1196.6327660884567
short,2,2019-08-01,ZC,ZC,2331.361120740055,1251.29921326387
short,2,2019-09-01,ZC,ZC,2572.4061251485555,1380.6740328464314
short,2,2019-10-01,HO,HO,2924.903024504282,1569.8678428134433
short,2,2019-11-01,SU,SU,2897.3364578022097,1555.0721842087655
short,2,2019-12-01,CO,CO,2511.7431652366163,1348.1147208905163
short,2,2020-01-01,ZS,ZS,2720.640161822773,1460.2349090312828
short,2,2020-02-01,NG,NG,3039.786261024183,1631.5285191435553
short,2,2020-03-01,SU,SU,4229.011521359996,2269.8151489640595
short,2,2020-04-01,CF,CF,4631.564438425941,2485.8752624919875
short,2,2020-05-01,CO,CO,2826.100181550653,1516.8379116902613
short,2,2020-06-01,HO,HO,2603.285559859019,1397.247789702671
short,2,2020-07-01,GD,GD,2372.7661886407664,1273.5223379563033
short,2,2020-08-01,LE,LE,2183.6946133352108,1172.0429440838936
short,2,2020-09-01,ZC,ZC,2016.9292289911705,1082.5358349651208
short,2,2020-10-01,CO,ZC,2496.461691642774,971.9744115613843
short,2,2020-11-01,GD,GD,2437.608202121655,949.0603464118482
short,2,2020-12-01,SV,SV,1672.530154985094,651.1842415416995
short,2,2021-01-01,ZS,HE,1520.2852898460849,646.3850371316292
short,2,2021-02-01,NG,LE,1590.1025383022802,635.7193993665195
short,2,2021-03-01,SU,ZW,1833.4413995598766,737.8639181950036
short,2,2021-04-01,CF,CO,1624.082795083335,833.1362778088258
short,2,2021-05-01,NG,ZW,1808.8791787680343,850.5596104641662
short,2,2021-06-01,CT,GD,1638.3001087900918,970.7480873918917
short,2,2021-07-01,ZS,GD,1680.7349224697662,912.1206163627647
short,2,2021-08-01,HE,CP,1674.1154811755973,979.3227302629442
short,2,2021-09-01,ZC,ZW,1832.4781111326226,1014.4807134275366
short,2,2021-10-01,CO,HO,1755.545933496946,1137.355900033436
short,2,2021-11-01,SU,CT,1777.4697265293375,1256.7428315569693
short,2,2021-12-01,CO,CF,1766.9861579364294,1470.509790803792
short,2,2022-01-01,LE,NG,1595.9894893588746,1058.9828914427133
short,2,2022-02-01,NG,ZW,1416.206475177528,754.0309649192932
short,2,2022-03-01,SU,SU,1219.8797301433444,649.5006950806155
short,2,2022-04-01,CF,CF,1206.5948466474176,642.4274231412124
short,2,2022-05-01,NG,CF,1013.8097708135239,541.9404858461947
short,2,2022-06-01,HO,CT,1246.6227317802786,689.5229673801186
short,2,2022-07-01,ZS,ZC,1216.6310340250595,681.4899243555358
short,2,2022-08-01,ZC,HE,1048.0045860058708,802.7729075203408
short,2,2022-09-01,ZC,SV,1139.655164293396,631.1547458837572
short,2,2022-10-01,CO,HE,1000.8150626643458,562.0266999450165
short,2,2022-11-01,GD,HO,954.6178052320622,531.4788445447788
short,2,2022-12-01,NG,CO,1274.0472450356601,551.8001824710892
short,2,2023-01-01,CC,CO,1276.9040666428953,537.537243816408
short,2,2023-02-01,NG,CC,1161.624389980496,528.4053846161748
short,2,2023-03-01,SU,GD,1087.5771604543463,496.18154054471063
short,2,2023-04-01,CF,CP,1076.106518570882,494.17462692802883
short,2,2023-05-01,CT,SU,1006.4466282214645,471.5154010950665
short,2,2023-06-01,HO,CT,864.7459498989917,479.5083713064195
short,2,2023-07-01,ZW,ZC,880.1668596512345,451.27848537123447
short,2,2023-08-01,LE,CP,853.8004139716355,468.7099579747669
short,2,2023-09-01,ZC,CF,864.3846695755865,501.1882674301729
short,2,2023-10-01,SV,CC,845.195180766086,460.8860908005084
short,2,2023-11-01,CO,SU,972.3985524804499,479.9758950747521
short,2,2023-12-01,NG,SU,1059.5932291546728,616.3540899334198
short,2,2024-01-01,CC,HE,973.5744497224003,593.4177158794628
short,2,2024-02-01,GD,ZC,1014.8792981442485,578.4732205947807
short,2,2024-03-01,SU,GD,866.497297203885,543.7460770678389
short,2,2024-04-01,CF,CO,797.5226074655816,503.7724032306925
short,2,2024-05-01,SU,ZC,765.1486607057092,447.4273005310159
short,2,2024-06-01,CT,SV,828.5692329736863,487.8579983043542
short,2,2024-07-01,ZW,HE,1056.969080973718,545.8657490180834
short,2,2024-08-01,SV,GD,1014.103743319101,542.1981913302535
short,2,2024-09-01,ZC,CP,1028.4569206393257,497.5078442202157
short,2,2024-10-01,SV,CT,946.0945762958987,561.3321427546532
short,2,2024-11-01,CO,CT,978.6898347679594,568.4181387190026
short,2,2024-12-01,NG,CC,791.5020760386477,408.3303171112013
long,3,2016-01-01,SU,SV,762.3801053665385,1019.0002948101115
long,3,2016-02-01,HO,CC,918.3637329613929,1076.3100021202215
long,3,2016-03-01,HO,CP,1165.9865730013778,1083.5048936587605
long,3,2016-04-01,ZC,ZS,1294.6900506639126,1188.5522825702365
long,3,2016-05-01,CP,NG,1154.5971111919928,1073.16832909108
long,3,2016-06-01,LE,HO,1100.8162853376066,967.3573702976701
long,3,2016-07-01,GD,CC,1188.7754267325483,796.0560032162833
long,3,2016-08-01,CP,CT,1106.7499156018027,671.5435327047294
long,3,2016-09-01,SU,ZW,1260.4539324774335,593.0528107429848
long,3,2016-10-01,ZC,CF,1541.885442046951,673.4949954317276
long,3,2016-11-01,HE,ZC,1411.3212494166885,602.8080279048249
long,3,2016-12-01,LE,ZW,1487.2483958674336,735.1012584243983
long,3,2017-01-01,HE,LE,1688.5012411717594,780.5507729546575
long,3,2017-02-01,HO,ZS,2020.1599759523483,696.0892230270765
long,3,2017-03-01,HO,NG,1890.0745858858595,651.6612304736706
long,3,2017-04-01,ZC,CP,1746.2513083058213,670.6677672698859
long,3,2017-05-01,ZC,HE,1704.614156226834,776.1464675470262
long,3,2017-06-01,CC,CT,1751.685506678955,679.1995134215256
long,3,2017-07-01,SV,ZW,1879.304017324925,672.982839513378
long,3,2017-08-01,GD,ZS,2095.1318832721436,614.4868770480309
long,3,2017-09-01,SU,CP,1948.9925678586283,561.1991425399216
long,3,2017-10-01,ZC,ZS,1884.7442754352558,528.9210741032769
long,3,2017-11-01,CT,SU,2051.0943281744785,590.9711270866128
long,3,2017-12-01,ZC,CC,1876.9107969076927,489.1167453047548
long,3,2018-01-01,GD,CP,1839.8691629006605,466.4584889265473
long,3,2018-02-01,HO,SU,1739.5503571901845,506.67153216598393
long,3,2018-03-01,CO,NG,1919.8892752066158,554.7775440993527
long,3,2018-04-01,ZS,SU,1900.9523188152548,490.6294192768241
long,3,2018-05-01,ZC,SU,1864.9809344769278,533.3569059027541
long,3,2018-06-01,CF,CO,1702.9051563872968,569.9860698671819
long,3,2018-07-01,SV,CF,1690.108891962771,593.27746734887
long,3,2018-08-01,HO,CO,1748.0125172613155,639.9303048331946
long,3,2018-09-01,SU,ZC,1859.83015269219,591.8375245185869
long,3,2018-10-01,ZC,CC,1874.9738379536532,581.3090613654434
long,3,2018-11-01,CT,ZC,1906.4134007593311,607.8985131868167
long,3,2018-12-01,LE,GD,1987.0261241828482,620.0519180084673
long,3,2019-01-01,HE,NG,1615.462619759545,561.9468537093347
long,3,2019-02-01,HE,CF,1350.9017183063052,505.0181855039167
long,3,2019-03-01,CO,SV,1592.8797669511512,520.2521226601391
long,3,2019-04-01,HO,SU,1943.237601613376,477.250692732852
long,3,2019-05-01,ZC,ZC,2166.388659666105,532.0556208339307
long,3,2019-06-01,CF,CF,2275.7180256631127,558.9064370258338
long,3,2019-07-01,SV,SV,2703.313414535097,663.922002481699
long,3,2019-08-01,GD,GD,2776.606999250738,681.9225877160377
long,3,2019-09-01,SU,SU,2820.2933754719334,692.6517714747521
long,3,2019-10-01,ZC,ZC,2824.875975085728,693.777237984038
long,3,2019-11-01,CT,CT,2833.3987921552516,695.8704047419726
long,3,2019-12-01,LE,LE,3070.6686984015696,754.1428604760005
long,3,2020-01-01,LE,LE,2909.7185858863018,714.6142137322531
long,3,2020-02-01,HO,HO,3311.126118112901,813.1981556363601
long,3,2020-03-01,CO,CO,1689.1015557508113,414.8359865561094
long,3,2020-04-01,CO,CO,1511.166359252766,371.13587715119485
long,3,2020-05-01,ZC,ZC,1497.4989076882696,367.7792105646524
long,3,2020-06-01,CF,CF,1565.6531735675371,384.51760147298705
long,3,2020-07-01,SV,SV,1996.5039167235684,490.33266776491166
long,3,2020-08-01,GD,GD,1936.2034884800216,475.52314517877653
long,3,2020-09-01,SU,SU,1895.996271584162,465.6484277996576
long,3,2020-10-01,ZC,ZC,1995.3911835955676,490.0593853542974
long,3,2020-11-01,CT,CT,1994.013138454088,489.7209434685279
long,3,2020-12-01,LE,LE,1858.3712761565153,456.4078927683231
long,3,2021-01-01,CT,CT,1915.4870952244885,470.4352892089658
long,3,2021-02-01,HO,HO,2174.526746631812,534.0542995537534
long,3,2021-03-01,ZW,ZW,2089.3800033986217,513.1426302044943
long,3,2021-04-01,HO,HO,2314.0487063131272,568.320285274732
long,3,2021-05-01,ZC,ZC,2166.9673278890414,532.1977392295554
long,3,2021-06-01,CF,CF,2337.4609348945987,574.07022666103
long,3,2021-07-01,SV,SV,2155.481892560802,529.3769663286041
long,3,2021-08-01,GD,GD,2180.2776369847484,535.4666931810128
long,3,2021-09-01,SU,SU,2075.221402047674,509.665339369211
long,3,2021-10-01,ZC,ZC,1974.802421375751,485.00287501106334
long,3,2021-11-01,CT,CT,1938.5681524020804,476.10389634062415
long,3,2021-12-01,LE,LE,1921.8319747709072,471.99356399549765
long,3,2022-01-01,CT,CT,2093.8362687583435,514.2370695711279
long,3,2022-02-01,HO,ZS,2529.7913975232887,532.2614829239938
long,3,2022-03-01,ZW,ZC,2671.2358131283418,565.4560614250591
long,3,2022-04-01,HO,HO,3479.6745783588863,736.5890620549209
long,3,2022-05-01,HE,HE,3603.0521850601936,762.7060432703189
long,3,2022-06-01,SU,SU,3599.8307853065808,762.0241266802518
long,3,2022-07-01,SV,SV,3459.6224042962604,732.3443513061595
long,3,2022-08-01,GD,GD,3464.4742277493992,733.3714013955071
long,3,2022-09-01,NG,NG,1914.1559490705417,405.19488343007305
long,3,2022-10-01,ZC,NG,1925.2075054197326,335.5194689687689
long,3,2022-11-01,CT,CT,2157.2429945050026,375.9579276079715
long,3,2022-12-01,LE,LE,2041.85818520155,355.8490043695299
long,3,2023-01-01,CT,CT,2006.1917144463473,349.63315735351347
long,3,2023-02-01,HO,CF,2070.708990925805,341.9321312386098
long,3,2023-03-01,ZW,ZW,2115.9064952443523,349.39550684862127
long,3,2023-04-01,HO,CP,1792.7297907562497,338.77693665267077
long,3,2023-05-01,CF,SU,1855.4123914140002,305.48204208170694
long,3,2023-06-01,CO,GD,2299.678710298256,291.9287744216482
long,3,2023-07-01,SV,SV,2490.792683337211,316.18941034190595
long,3,2023-08-01,NG,NG,2466.188896094022,313.0661247177573
long,3,2023-09-01,SU,SU,2637.672210267189,334.8347802765343
long,3,2023-10-01,ZC,ZC,2670.1342216042276,338.95561469677125
long,3,2023-11-01,CT,CT,2426.5883546965897,308.0391018276394
long,3,2023-12-01,GD,CT,2390.4497770995818,251.19021536334535
long,3,2024-01-01,GD,ZW,2326.1933917831607,252.93767454863055
long,3,2024-02-01,HO,GD,2424.3876434014733,250.2731723803581
long,3,2024-03-01,ZW,ZW,2383.115537064172,246.01259094571438
long,3,2024-04-01,CT,NG,2339.8959552987067,230.9266965541538
long,3,2024-05-01,CF,HO,2448.9607460044676,223.21933957304694
long,3,2024-06-01,HE,CC,2259.8487484655006,236.3414168228416
long,3,2024-07-01,SV,LE,2069.44835470894,232.95872703215446
long,3,2024-08-01,NG,ZW,2351.9024495610142,245.266298102235
long,3,2024-09-01,SU,LE,2531.6991922568973,247.77469941880375
long,3,2024-10-01,ZC,ZW,2373.982596919456,243.19570614329274
long,3,2024-11-01,ZS,CC,2377.516943699982,368.3060775862251
long,3,2024-12-01,ZW,ZC,2314.8233974083237,375.2431552802766
short,3,2016-01-01,CP,CP,992.6073808176503,992.6073808176503
short,3,2016-02-01,ZW,HE,1198.5269047330705,899.127460926187
short,3,2016-03-01,SU,SU,1107.2274678616848,830.6351888428645
short,3,2016-04-01,CT,ZW,1074.6523397250678,847.2223609945506
short,3,2016-05-01,LE,ZS,1034.7476026642225,893.5510394173838
short,3,2016-06-01,GD,HE,969.4906800113066,858.9649493915509
short,3,2016-07-01,ZC,CT,1134.488492265609,784.8250455403382
short,3,2016-08-01,HE,ZS,931.1545075660376,879.1590844188097
short,3,2016-09-01,CO,ZS,974.617421777169,886.5800499011409
short,3,2016-10-01,CC,LE,913.4861973896523,904.6765333388125
short,3,2016-11-01,HO,CF,839.0643896048034,1153.1764440145446
short,3,2016-12-01,HO,CO,730.6693476352568,916.65343255688
short,3,2017-01-01,CO,CT,768.2699455358953,925.1697773704351
short,3,2017-02-01,ZW,ZC,677.3813004121087,867.3752047795571
short,3,2017-03-01,SU,CC,727.9785130154806,759.8984937750246
short,3,2017-04-01,CT,CF,690.3749493847586,812.4769918256031
short,3,2017-05-01,LE,CT,723.7784684253321,910.280358339649
short,3,2017-06-01,CP,GD,700.4566245764654,942.9088097107687
short,3,2017-07-01,ZC,CF,711.0394454868936,781.942006458319
short,3,2017-08-01,LE,CC,746.4639923379145,936.0833444973384
short,3,2017-09-01,HO,CO,697.3142274224185,905.3843616875996
short,3,2017-10-01,NG,CC,526.3676677909033,858.0377125932599
short,3,2017-11-01,HO,CP,540.6182933132405,871.6125396847042
short,3,2017-12-01,HO,GD,513.1608549817055,815.3615586222166
short,3,2018-01-01,ZC,CO,478.52242659331495,805.5469822236275
short,3,2018-02-01,NG,ZW,545.2788558276486,771.4400817723294
short,3,2018-03-01,SU,SV,582.3443197929564,717.2572073304374
short,3,2018-04-01,GD,CT,583.5749712111369,685.4350637608989
short,3,2018-05-01,CT,GD,550.614112728189,678.1105907510492
short,3,2018-06-01,CP,GD,549.6261609337694,674.874579080848
short,3,2018-07-01,ZC,CO,523.0208511179151,726.7030283070434
short,3,2018-08-01,CC,HE,553.1385951942988,782.3735325188961
short,3,2018-09-01,CO,ZW,549.1361075177368,881.3197472503252
short,3,2018-10-01,HO,GD,580.5146367053286,884.2298136463786
short,3,2018-11-01,HO,CF,660.8867232058857,1094.0534490756863
short,3,2018-12-01,HO,SV,659.6876333268336,1059.5950089593491
short,3,2019-01-01,CP,CO,643.455697081781,895.6375207891194
short,3,2019-02-01,NG,CT,767.7517766576264,957.9930269463639
short,3,2019-03-01,SU,ZC,721.08468568783,959.292143758799
short,3,2019-04-01,LE,HE,754.1684903906771,1241.1714867792668
short,3,2019-05-01,LE,CC,906.7672920921384,1176.7015806177212
short,3,2019-06-01,CP,CO,855.8908351057241,1102.8547561316168
short,3,2019-07-01,ZC,CT,867.846335928406,1208.4418803365504
short,3,2019-08-01,CC,CO,919.2420969309336,1424.649216372055
short,3,2019-09-01,ZW,ZS,897.2720164865391,1299.832068825479
short,3,2019-10-01,HO,SV,808.5059710384937,1253.686792409658
short,3,2019-11-01,HO,CP,856.0991843581197,1238.3436031823962
short,3,2019-12-01,HO,ZS,761.613094605583,1174.179251659683
short,3,2020-01-01,ZC,CO,751.2460597836755,1421.806853341028
short,3,2020-02-01,NG,SU,815.8663642324576,1462.0411836137876
short,3,2020-03-01,SU,NG,1228.43154994735,1623.0707996351425
short,3,2020-04-01,SU,CT,1247.2016204219178,1333.8869282355977
short,3,2020-05-01,LE,GD,1151.0669272733062,1278.5051439323538
short,3,2020-06-01,CP,HO,1104.5627984785608,1347.6048697329732
short,3,2020-07-01,CO,CF,1187.6403751500836,1148.593162443409
short,3,2020-08-01,CC,SV,997.44687278009,1016.159957115067
short,3,2020-09-01,ZW,HO,1046.4282514026065,1250.121691548353
short,3,2020-10-01,ZS,SV,1019.3427535126134,1365.7243913062807
short,3,2020-11-01,GD,ZC,1034.6757828086886,1202.2459012054826
short,3,2020-12-01,SV,CC,947.5904898391898,1255.1789945003432
short,3,2021-01-01,CF,NG,1162.34063996171,1473.0079945540592
short,3,2021-02-01,NG,CP,1440.5925752245562,1441.2238149197972
short,3,2021-03-01,SU,NG,1577.2015774305378,1691.355107497027
short,3,2021-04-01,LE,HE,1636.1860157541796,1721.8769537654964
short,3,2021-05-01,CT,SU,1812.6301681718367,1707.921922712571
short,3,2021-06-01,ZW,LE,1752.0614533191765,1618.0249009199845
short,3,2021-07-01,ZC,CT,1699.6455779380713,1426.6079355707748
short,3,2021-08-01,SU,ZS,1559.7479638340683,1484.5037419659802
short,3,2021-09-01,HO,CF,1390.5738381152528,1511.8009376980917
short,3,2021-10-01,ZS,ZW,1501.0764887457442,1527.884161765154
short,3,2021-11-01,ZW,CC,1553.535333396108,1504.153896299339
short,3,2021-12-01,CO,GD,1392.655873141877,1427.3202701702426
short,3,2022-01-01,CF,ZS,1415.2055157320356,1234.137420167757
short,3,2022-02-01,NG,LE,1118.6727346222615,1270.8874347788867
short,3,2022-03-01,NG,CF,990.2009475062885,1330.6583748302596
short,3,2022-04-01,LE,NG,949.4415166617525,1637.8716212306879
short,3,2022-05-01,CT,CP,1089.9000687601874,1734.5425855474657
short,3,2022-06-01,CT,CO,1398.5660138151893,1673.3536488480454
short,3,2022-07-01,CO,CC,1295.337441934848,1742.4874768462962
short,3,2022-08-01,CT,CO,1226.3670390197713,1843.6061891834174
short,3,2022-09-01,GD,CP,1247.947677023488,1909.7782257742178
short,3,2022-10-01,ZS,CP,1245.340974340208,1922.062184269221
short,3,2022-11-01,GD,ZS,1169.427357378235,1900.2426058787378
short,3,2022-12-01,CO,ZC,1031.2968945425455,1829.701516287652
short,3,2023-01-01,CP,CO,1013.5408370247272,1532.415524536665
short,3,2023-02-01,CT,ZS,990.6504250975358,1589.841733648354
short,3,2023-03-01,CP,NG,918.6626575732291,2449.824968234968
short,3,2023-04-01,GD,NG,870.0831601836344,2239.0599161564846
short,3,2023-05-01,CT,CP,764.0930153883781,2406.0299140207376
short,3,2023-06-01,CT,ZS,802.8514249076924,1949.0182499059247
short,3,2023-07-01,ZC,NG,721.2963647994084,1924.3464407704457
short,3,2023-08-01,CT,HO,759.3451787964985,2554.301882484847
short,3,2023-09-01,GD,CT,833.4871133431916,2861.6669020828917
short,3,2023-10-01,ZS,SU,792.8691050325647,2834.4582876713926
short,3,2023-11-01,ZW,NG,971.6936717758291,4178.764535724368
short,3,2023-12-01,NG,ZC,705.2081816046446,4271.327666944016
short,3,2024-01-01,CP,LE,692.1918971603935,4258.337683469774
short,3,2024-02-01,SV,ZS,746.4366368965052,4411.235799486524
short,3,2024-03-01,HO,ZS,767.2870797260674,4377.48764418181
short,3,2024-04-01,CC,ZS,831.5861440374669,4553.964633114357
short,3,2024-05-01,ZS,HE,823.7273807658182,4914.571466982538
short,3,2024-06-01,CT,ZS,861.7512037224101,5199.796756086965
short,3,2024-07-01,ZC,CF,958.8929763717875,4803.939911555895
short,3,2024-08-01,ZS,ZC,991.1138110528394,5093.375083375479
short,3,2024-09-01,GD,CF,920.3293598729837,4522.866880919962
short,3,2024-10-01,ZS,CF,963.9527039547601,5302.30328610026
short,3,2024-11-01,ZW,ZC,948.4233419926707,5413.060383999633
short,3,2024-12-01,CO,ZS,781.4681037973289,5826.28579905352
long,4,2016-01-01,SV,GD,1010.7249827378304,974.7607193550181
long,4,2016-02-01,CP,CO,1066.3385153351098,942.0917487769385
long,4,2016-03-01,CO,CP,1138.240300727335,997.4133763329456
long,4,2016-04-01,ZS,CO,1223.2972747560634,1099.017127380217
long,4,2016-05-01,HE,GD,1210.4627749279632,1078.8785714676342
long,4,2016-06-01,CF,LE,1371.3468443053887,1013.4383282539222
long,4,2016-07-01,LE,CP,1371.6429769252848,1003.2464620541786
long,4,2016-08-01,CT,CF,1290.1349485597227,1095.9401072893631
long,4,2016-09-01,SU,CT,1309.477439187895,1103.0586379714584
long,4,2016-10-01,ZS,ZC,1620.074493936681,1214.5757521628614
long,4,2016-11-01,ZW,CC,1306.1560352774181,1101.1312034539214
long,4,2016-12-01,SU,CT,1220.8450436199864,1265.1051523486794
long,4,2017-01-01,SV,HE,1240.100841666186,1403.9437504222526
long,4,2017-02-01,CP,GD,1210.4705193649534,1444.4246492586008
long,4,2017-03-01,CO,CP,1206.990323242716,1425.3881681474172
long,4,2017-04-01,ZS,CF,1204.595619881114,1319.1183425941326
long,4,2017-05-01,HE,NG,1236.9788291931845,1088.0036912146447
long,4,2017-06-01,CF,LE,1201.028606215297,1102.0379586733811
long,4,2017-07-01,CP,SV,1164.685372949607,1110.6052073536862
long,4,2017-08-01,CF,ZW,1145.8283632671282,1047.9641181926281
long,4,2017-09-01,SU,CT,1081.2999693582572,1008.7670792374278
long,4,2017-10-01,ZS,SU,1182.0122211154198,964.503539886913
long,4,2017-11-01,CP,CC,1170.170977994066,973.3831691815114
long,4,2017-12-01,CT,SU,1212.7713652434395,1065.7679010679087
long,4,2018-01-01,GD,SV,1221.6184261756134,1047.9464181633605
long,4,2018-02-01,GD,CP,1188.3554507722552,1069.5714292533426
long,4,2018-03-01,CO,HE,1301.266937970632,974.9351335056148
long,4,2018-04-01,ZS,CF,1349.0988499457035,946.821740333018
long,4,2018-05-01,HE,NG,1437.2943803610947,958.595366803544
long,4,2018-06-01,CF,NG,1323.4968320824785,1008.2907355837789
long,4,2018-07-01,SV,NG,1288.3312363746415,945.0478802281496
long,4,2018-08-01,CT,CF,1171.5380324988673,824.803762865029
long,4,2018-09-01,SU,NG,1046.4883425508397,867.6299590644802
long,4,2018-10-01,ZS,CP,1180.5852872845626,803.2441798534122
long,4,2018-11-01,CP,GD,1206.3329255454473,821.1568833989198
long,4,2018-12-01,CT,CF,1091.4580782404926,827.6699254785607
long,4,2019-01-01,GD,SV,1131.5783485286704,863.3102933841345
long,4,2019-02-01,GD,CP,1164.7390957450664,888.9552298956456
long,4,2019-03-01,CO,CC,1084.3118028997162,916.1310754627573
long,4,2019-04-01,ZS,CT,993.410761765114,923.6622504928198
long,4,2019-05-01,HE,NG,950.7035392153726,704.6579464361886
long,4,2019-06-01,CF,NG,1033.3471450471025,820.0359421335668
long,4,2019-07-01,NG,GD,771.8772922013292,826.7602328923664
long,4,2019-08-01,CP,CT,711.852337585046,836.5989973740136
long,4,2019-09-01,CT,CO,798.9365933128056,835.6539919390422
long,4,2019-10-01,ZS,ZC,859.5225869406609,891.4663359493616
long,4,2019-11-01,CP,ZS,853.8151863300553,870.2227232773372
long,4,2019-12-01,CF,ZC,848.1105095538342,928.2017505693724
long,4,2020-01-01,GD,HO,878.2959527875339,702.8429304593111
long,4,2020-02-01,CP,CT,912.9886364459991,658.865201040296
long,4,2020-03-01,CO,ZW,452.0069749709883,701.145862646234
long,4,2020-04-01,ZS,CF,446.8722779295777,632.028028501643
long,4,2020-05-01,HE,SV,363.1813713595639,738.6044664631586
long,4,2020-06-01,CF,ZW,387.9333784466427,706.1374564899573
long,4,2020-07-01,SV,SU,476.4224085424935,582.9163361197437
long,4,2020-08-01,HO,CF,540.1154252588544,519.4991500303295
long,4,2020-09-01,CO,CP,598.20863576718,490.7533380853458
long,4,2020-10-01,ZS,HO,596.2224687474193,405.5074286217975
long,4,2020-11-01,CP,GD,679.1646026568642,368.89057528400446
long,4,2020-12-01,CF,ZC,742.4965362206082,410.1779735326504
long,4,2021-01-01,GD,CC,716.5346149883951,401.4568317069603
long,4,2021-02-01,CP,ZC,800.6962192382987,394.408781374397
long,4,2021-03-01,GD,HE,736.1383530959135,502.99601875356535
long,4,2021-04-01,CT,CF,806.1621440340525,648.217637643166
long,4,2021-05-01,ZW,GD,742.1101078155247,688.3177846289132
long,4,2021-06-01,CF,HE,671.3570385684101,605.4687397965497
long,4,2021-07-01,SV,HO,641.8304041674076,582.6988912535711
long,4,2021-08-01,HO,ZS,646.4554912538523,555.0572058335352
long,4,2021-09-01,CO,ZW,753.1205995127867,485.1612233397365
long,4,2021-10-01,ZS,GD,769.4069888703715,491.23874361774523
long,4,2021-11-01,CP,CF,695.8918779298103,474.3596370991835
long,4,2021-12-01,SV,HO,671.6011928858331,572.4436526837588
long,4,2022-01-01,GD,HE,662.6742337747668,606.0236191053604
long,4,2022-02-01,CP,SU,696.3312190193848,611.0987606490668
long,4,2022-03-01,CC,SV,732.2563481900478,676.0729439250117
long,4,2022-04-01,CT,CF,781.8185258770668,732.1361757268388
long,4,2022-05-01,SV,ZW,801.0300590680854,788.3305488703023
long,4,2022-06-01,NG,LE,531.3934931262662,769.2638524608736
long,4,2022-07-01,SV,ZW,516.9296156520036,683.6592508722283
long,4,2022-08-01,NG,CT,701.5974111345322,841.9237040099678
long,4,2022-09-01,CO,CP,872.3044402775331,822.3373163317079
long,4,2022-10-01,ZC,ZW,779.7084921725101,880.6133873633244
long,4,2022-11-01,SU,CC,851.3631483030094,959.9147940558571
long,4,2022-12-01,SV,CP,899.0236037084056,916.9488172727974
long,4,2023-01-01,NG,HE,650.9409266116475,846.9809064590445
long,4,2023-02-01,CP,LE,654.4100280535384,848.3343908484236
long,4,2023-03-01,ZW,NG,656.7942193061465,610.5184616093633
long,4,2023-04-01,CT,ZC,766.5800195944693,592.7128761501572
long,4,2023-05-01,HE,SV,741.9453015246322,536.2491686909252
long,4,2023-06-01,CF,HO,594.9090737668062,580.8831767546566
long,4,2023-07-01,CP,NG,713.6428525049397,499.30222784330914
long,4,2023-08-01,NG,HO,887.6187817393588,576.5279479331679
long,4,2023-09-01,CO,SU,995.3536879200147,614.1452274352583
long,4,2023-10-01,LE,ZC,953.1901897331451,626.2813947757843
long,4,2023-11-01,SU,CP,924.7310155777329,661.9780745281863
long,4,2023-12-01,SV,CT,861.7206698836155,730.5399571318137
long,4,2024-01-01,ZS,GD,804.9619940515154,699.0657275080201
long,4,2024-02-01,CP,ZS,839.9957670926251,669.943926445396
long,4,2024-03-01,SV,ZW,930.329033518864,625.70007350218
long,4,2024-04-01,CT,LE,751.5160146482392,615.1477763356041
long,4,2024-05-01,SV,LE,782.1774743341738,614.2489312530168
long,4,2024-06-01,ZS,SU,747.9852365927914,664.01441861889
long,4,2024-07-01,CP,SU,706.9070760810952,613.2044514588486
long,4,2024-08-01,NG,SU,739.0323651245434,688.2095741956654
long,4,2024-09-01,CO,ZW,718.4563069243483,702.5413333853621
long,4,2024-10-01,ZS,CP,712.1117295036621,742.3305638144658
long,4,2024-11-01,SU,CO,579.502441935933,774.9901862634225
long,4,2024-12-01,SV,CC,522.7457740199274,919.4638066881868
short,4,2016-01-01,LE,SU,1033.0772226713523,1134.8271388965638
short,4,2016-02-01,SU,CT,913.0396226723062,1126.801181968926
short,4,2016-03-01,SU,ZW,781.6045828504917,1094.0615330788428
short,4,2016-04-01,ZW,CP,671.1359039955389,1019.2845456418167
short,4,2016-05-01,LE,CF,612.8607344511897,1127.7085888535971
short,4,2016-06-01,GD,SV,537.6538955341053,1043.6026895113662
short,4,2016-07-01,ZS,CT,600.9887125639792,829.1163235797703
short,4,2016-08-01,NG,HE,674.1896184500914,820.0436967311933
short,4,2016-09-01,ZS,CF,661.9845429668171,830.4539500423365
short,4,2016-10-01,CF,LE,587.192951924252,774.3817247682537
short,4,2016-11-01,CO,NG,615.7723452949629,684.5589440727005
short,4,2016-12-01,NG,HE,576.4959458323297,601.1889949877291
short,4,2017-01-01,CT,CF,578.7121352554126,516.3732774957712
short,4,2017-02-01,SU,ZW,605.8725308089284,498.3872990012645
short,4,2017-03-01,SU,CT,644.8456210947107,484.4033722891935
short,4,2017-04-01,GD,ZC,653.8504955275005,542.5914385135449
short,4,2017-05-01,ZC,CC,721.1087672597469,527.7901394162822
short,4,2017-06-01,GD,ZW,733.9842122957422,426.2784480113278
short,4,2017-07-01,ZS,HE,722.4586439149964,417.0861046459632
short,4,2017-08-01,NG,ZS,571.7612024994046,438.280331085161
short,4,2017-09-01,ZS,SV,623.8889726536856,450.81636770578814
short,4,2017-10-01,HE,CC,604.7918920727054,446.0711005610767
short,4,2017-11-01,CT,SU,569.5809751294028,462.0773627301662
short,4,2017-12-01,CO,ZS,566.5083407044884,473.7657500247049
short,4,2018-01-01,CT,SU,592.877938601666,491.5721823483994
short,4,2018-02-01,SU,LE,600.5738750542819,498.3519253972257
short,4,2018-03-01,SU,ZW,639.7101243786409,578.3541048328816
short,4,2018-04-01,GD,SU,626.6910322796357,557.1771945579937
short,4,2018-05-01,ZC,SV,616.177373968543,468.3193937443095
short,4,2018-06-01,CT,SU,705.6333774223365,513.1032388077543
short,4,2018-07-01,ZS,ZW,682.5209647169055,392.9433724661681
short,4,2018-08-01,SU,HE,662.0701687012846,343.2908263119654
short,4,2018-09-01,ZS,SV,667.7655597480037,343.47042717016876
short,4,2018-10-01,GD,HE,635.9463702460043,388.3300690299558
short,4,2018-11-01,CT,CO,635.3987817156343,445.11769289140835
short,4,2018-12-01,CO,NG,733.2764362872017,629.8488943676313
short,4,2019-01-01,SU,CP,685.3473738024368,571.5750902173751
short,4,2019-02-01,NG,ZS,708.0987172976344,572.9581588151424
short,4,2019-03-01,ZS,CF,717.530996901433,541.5698468469907
short,4,2019-04-01,GD,HE,734.240669247806,479.4864504577588
short,4,2019-05-01,ZC,LE,601.991699407185,525.7483258394525
short,4,2019-06-01,CC,GD,679.3889419624393,505.1890686942723
short,4,2019-07-01,CO,HE,707.1682808089582,484.9104737474121
short,4,2019-08-01,ZS,NG,673.576645751321,416.98160099076773
short,4,2019-09-01,ZS,LE,631.3247209834651,391.54742627025723
short,4,2019-10-01,HE,CT,629.6927858700493,321.39002508535077
short,4,2019-11-01,SV,ZC,698.7314488111335,357.1153545434151
short,4,2019-12-01,ZW,CO,633.6270675485611,272.11830358017755
short,4,2020-01-01,CP,SV,709.880591742186,281.81525836117817
short,4,2020-02-01,NG,CO,735.7717789167033,342.986313724357
short,4,2020-03-01,ZS,GD,695.7224684863259,329.8815646168578
short,4,2020-04-01,GD,ZC,654.2306306872212,367.0466961538847
short,4,2020-05-01,CP,HO,620.2576666496994,260.1305114399519
short,4,2020-06-01,CC,ZS,651.5828509176438,253.12301536608533
short,4,2020-07-01,CO,GD,716.2709286141775,218.6931254918976
short,4,2020-08-01,SU,HE,759.5409187222415,209.14587052009486
short,4,2020-09-01,CF,HO,767.0946243475188,177.53001013481403
short,4,2020-10-01,CC,HE,774.934285643514,178.57207271020502
short,4,2020-11-01,SV,CO,915.4179442986065,95.69300691389884
short,4,2020-12-01,NG,CC,1105.226231560149,79.82807362348261
short,4,2021-01-01,CP,LE,1006.3260576495894,74.8014638854864
short,4,2021-02-01,NG,HE,1062.6264994643866,73.23696912654032
short,4,2021-03-01,SU,ZS,1334.5480694478254,72.07711037351511
short,4,2021-04-01,LE,LE,1342.5516804504803,72.50937442366936
short,4,2021-05-01,NG,NG,1238.485957605213,66.88892749984933
short,4,2021-06-01,CC,CC,1217.594159478032,65.76059014431515
short,4,2021-07-01,ZS,ZS,1321.47479379118,71.3710406904371
short,4,2021-08-01,SU,SU,1073.9427715336615,58.00217575579557
short,4,2021-09-01,ZS,ZS,1194.8208706859432,64.53063605917346
short,4,2021-10-01,CF,CF,1057.9400573468167,57.13789111657814
short,4,2021-11-01,SV,SV,1131.9406369968192,61.13456090258607
short,4,2021-12-01,NG,NG,1213.2309937765658,65.52494155057612
short,4,2022-01-01,CF,CF,1183.2976209076883,63.9082811473174
short,4,2022-02-01,NG,NG,1371.5929261099325,74.07785226025021
short,4,2022-03-01,SU,SU,1099.0352415628827,59.35738563788593
short,4,2022-04-01,SV,SV,1083.4495924326732,58.515626110208665
short,4,2022-05-01,CP,CP,1204.2623604649016,65.04055796941978
short,4,2022-06-01,CC,CC,1271.8151049477574,68.68898902379105
short,4,2022-07-01,HE,HE,1142.503100090194,61.70502504368842
short,4,2022-08-01,ZW,ZW,1211.2357316597818,65.41718018093506
short,4,2022-09-01,ZS,ZS,1151.7323824308676,62.20348592131893
short,4,2022-10-01,CC,CC,1280.005489163253,69.13134043893793
short,4,2022-11-01,SV,SV,1313.1127933398366,70.91942051783121
short,4,2022-12-01,NG,NG,1991.2367838075456,107.54396692933119
short,4,2023-01-01,CF,CF,1822.8413839175764,98.44916240177045
short,4,2023-02-01,NG,NG,1152.5297213394663,62.246549101908556
short,4,2023-03-01,CO,SV,1083.9655506647262,47.59360155061755
short,4,2023-04-01,CO,HE,978.6260276299836,45.919275920766395
short,4,2023-05-01,CP,HO,1078.6793322157157,48.90555029014032
short,4,2023-06-01,CC,CO,929.709048589137,52.453105782803945
short,4,2023-07-01,ZS,GD,864.9758070923034,55.13195246771422
short,4,2023-08-01,ZW,GD,822.5750317061511,54.31827415195172
short,4,2023-09-01,GD,HE,913.0639976035809,58.49817452855906
short,4,2023-10-01,NG,ZS,760.7307013070784,56.33965691012199
short,4,2023-11-01,SV,CF,772.5506038759978,52.98364239347448
short,4,2023-12-01,NG,HE,733.1596918215776,63.565841608699564
short,4,2024-01-01,CF,NG,650.3330014598532,72.59762414235571
short,4,2024-02-01,CT,LE,605.3320996718403,67.22628603193684
short,4,2024-03-01,ZS,CC,572.5723349290784,33.868217460103004
short,4,2024-04-01,CO,HO,564.3022264311659,33.597731056043365
short,4,2024-05-01,CP,CC,572.2421140678224,33.35433011272026
short,4,2024-06-01,CT,CP,500.051714934857,38.43852978427667
short,4,2024-07-01,ZS,CO,528.1302073272032,42.05642048326045
short,4,2024-08-01,ZW,SV,475.2141920373313,44.21096012754135
short,4,2024-09-01,GD,SV,482.9802612211337,41.814609351479916
short,4,2024-10-01,CC,HE,427.83173433712824,37.10083233877697
short,4,2024-11-01,SV,NG,505.8929170357536,34.03191631935827
short,4,2024-12-01,NG,CP,408.90014624843405,38.51683315490479
long,5,2016-01-01,GD,ZC,1034.1039556707485,1072.2349444801503
long,5,2016-02-01,LE,NG,1105.9093114242353,694.5401412309693
long,5,2016-03-01,CP,ZW,1093.4730353204295,789.9362723609219
long,5,2016-04-01,HO,CP,1479.7613027253753,797.8464531467121
long,5,2016-05-01,NG,ZS,1631.7435478494722,851.8649520633861
long,5,2016-06-01,SU,CT,1584.4043902427104,788.0132139296313
long,5,2016-07-01,SU,CO,1484.4707075449303,763.5512299586563
long,5,2016-08-01,CC,LE,1715.3029403548278,747.5321218160109
long,5,2016-09-01,CP,NG,1740.7320788369125,687.5370266559624
long,5,2016-10-01,SU,ZW,1771.5679662301316,707.9172098176875
long,5,2016-11-01,GD,HE,1554.3850711737653,649.5684279436348
long,5,2016-12-01,ZS,CC,1538.3817049600327,613.7658434176569
long,5,2017-01-01,SV,CF,1546.7276922557087,653.4685221973735
long,5,2017-02-01,LE,SV,1736.0304663706345,596.0419056352978
long,5,2017-03-01,CO,SV,1572.829543616896,589.240235560099
long,5,2017-04-01,HO,ZW,1452.5570057975833,612.0774562912569
long,5,2017-05-01,NG,ZC,1096.106679151995,686.2948686607765
long,5,2017-06-01,SU,CO,939.9271478473623,639.4850998686612
long,5,2017-07-01,SV,SU,941.031459524456,609.0737438121619
long,5,2017-08-01,GD,ZS,986.8496456193024,605.6900397912393
long,5,2017-09-01,CP,NG,1005.8667262710386,604.5140107398323
long,5,2017-10-01,CF,ZC,886.0197434806728,587.4904265858968
long,5,2017-11-01,LE,ZW,784.2597017603376,522.2623263260018
long,5,2017-12-01,SU,CT,825.2576835040148,538.3759262690024
long,5,2018-01-01,ZS,HE,872.5518549738764,494.337468782039
long,5,2018-02-01,LE,CP,824.6566657942471,512.9237481362541
long,5,2018-03-01,CT,LE,835.8838290586776,458.2271076636323
long,5,2018-04-01,ZC,CC,840.0664586129154,498.60943385554367
long,5,2018-05-01,NG,LE,841.7284787893819,481.2823107137245
long,5,2018-06-01,NG,CP,828.5534255234373,465.09249917943515
long,5,2018-07-01,SV,HO,726.3492025054171,477.38118869059326
long,5,2018-08-01,GD,SV,718.1770877079261,431.33472267351226
long,5,2018-09-01,CP,CC,723.1659850728689,361.3147348315557
long,5,2018-10-01,HE,ZC,774.2301459989327,371.34524052445306
long,5,2018-11-01,NG,ZW,1155.0272973569631,377.95449665322985
long,5,2018-12-01,SU,CO,1223.071130608782,325.6534638549868
long,5,2019-01-01,ZS,CC,1153.4078935865093,303.2106650405003
long,5,2019-02-01,LE,GD,1192.8198898254873,305.2094196458504
long,5,2019-03-01,CT,CO,1214.4585041564017,344.9736398708135
long,5,2019-04-01,ZW,CC,1067.5923493979308,403.4306712015668
long,5,2019-05-01,SU,CO,1038.9889780623437,309.42119860801824
long,5,2019-06-01,NG,SU,935.0317052672119,304.33046235623567
long,5,2019-07-01,CP,CC,868.5783594432606,307.67254974331456
long,5,2019-08-01,GD,HE,919.3262515676538,244.02646364937442
long,5,2019-09-01,CT,CP,967.4326285696372,257.7511895365036
long,5,2019-10-01,HE,ZS,889.3254696373048,266.2986318660075
long,5,2019-11-01,NG,ZW,873.3909310952063,251.12494909698702
long,5,2019-12-01,SU,CO,940.5900541887653,252.958280069921
long,5,2020-01-01,ZC,ZS,893.8322959839779,232.1613236040237
long,5,2020-02-01,CO,SV,917.4160147896341,200.5787565020981
long,5,2020-03-01,SV,CO,698.2141982090802,85.60513110610553
long,5,2020-04-01,NG,SU,813.100187434356,91.52774553107665
long,5,2020-05-01,SU,SU,765.0485397390115,86.11874544649174
long,5,2020-06-01,NG,CC,667.0342495427593,84.40013021114842
long,5,2020-07-01,SV,CP,869.292614360809,85.2928213327942
long,5,2020-08-01,GD,CO,823.9004185977147,98.34113348376636
long,5,2020-09-01,CT,SU,862.5221246114932,97.28720606171673
long,5,2020-10-01,SU,ZW,801.1495573194034,105.62396661646206
long,5,2020-11-01,LE,GD,837.8958988360381,98.93801557243734
long,5,2020-12-01,SU,CF,797.1247521580278,102.18645767947942
long,5,2021-01-01,ZC,CF,921.1925620080431,102.6072510995838
long,5,2021-02-01,CO,GD,1163.0815432288475,94.80287625347309
long,5,2021-03-01,ZS,SV,1130.8866822018094,96.69051458070699
long,5,2021-04-01,NG,HO,1353.6016774315763,110.39158457011219
long,5,2021-05-01,CO,LE,1490.3657709420402,107.13542452755983
long,5,2021-06-01,NG,LE,2145.2511101876653,129.00578624485127
long,5,2021-07-01,SV,ZW,2179.022944200517,141.68333594878916
long,5,2021-08-01,GD,CO,2326.5232326418054,116.27681985151484
long,5,2021-09-01,CT,ZS,2823.5935476073805,111.7479916988473
long,5,2021-10-01,HE,HE,2242.871219223592,88.76502590104104
long,5,2021-11-01,LE,CO,2346.449462353828,70.38892545876493
long,5,2021-12-01,SU,ZC,2355.258677623677,72.04463301770005
long,5,2022-01-01,ZC,ZS,2283.5818066928177,72.48985581843665
long,5,2022-02-01,CO,ZC,2665.8330665942317,82.68005075294636
long,5,2022-03-01,ZS,CT,2512.285656318672,99.8009717487197
long,5,2022-04-01,NG,GD,3613.952012658091,95.76663716797607
long,5,2022-05-01,CO,CO,3605.921859719925,95.55384498364735
long,5,2022-06-01,CO,CO,2764.790992318871,73.26459645266453
long,5,2022-07-01,SV,SV,2706.7101142493725,71.72550286287775
long,5,2022-08-01,GD,GD,2747.1858175658735,72.79807438016778
long,5,2022-09-01,ZC,ZC,3000.1730630291363,79.50201999415124
long,5,2022-10-01,ZW,ZW,2800.099636147559,74.20024531313412
long,5,2022-11-01,LE,LE,2652.24268028747,70.28216245120923
long,5,2022-12-01,SU,SU,2850.9065359107553,75.54658469954812
long,5,2023-01-01,ZC,ZC,3016.3967464669704,79.93193372844469
long,5,2023-02-01,CO,CO,3335.189085298383,88.37965803077807
long,5,2023-03-01,NG,NG,2175.4142797536515,57.64661768875342
long,5,2023-04-01,NG,NG,1789.2594562878035,47.41384516161682
long,5,2023-05-01,CO,SV,1511.242194749864,43.089854256727705
long,5,2023-06-01,CF,CP,1415.031352792577,44.50900515479829
long,5,2023-07-01,SV,HO,1594.5878586996646,56.827212943021884
long,5,2023-08-01,GD,CO,1701.359436788435,52.15965707883395
long,5,2023-09-01,ZC,NG,1725.2701532275626,48.0277598321404
long,5,2023-10-01,ZW,HE,1596.729580745611,52.26723251592344
long,5,2023-11-01,LE,CF,1431.986731646078,66.75392945855054
long,5,2023-12-01,SU,ZS,1185.1000074524743,69.25961819165467
long,5,2024-01-01,ZC,NG,1093.6408793028938,56.75475669920485
long,5,2024-02-01,CO,ZW,1023.3042772845712,47.38307330073852
long,5,2024-03-01,CF,SV,1023.0070942195229,44.69032200363728
long,5,2024-04-01,SU,CF,913.4429234492814,51.53423412936182
long,5,2024-05-01,CO,SV,915.2990503047522,56.23510356256645
long,5,2024-06-01,LE,HO,976.7459015683119,57.69704400185373
long,5,2024-07-01,SV,CF,1025.9839313758396,61.41774130486034
long,5,2024-08-01,GD,CO,1001.9850428688417,55.31231007979639
long,5,2024-09-01,ZC,LE,1108.6932045809353,58.385509355371724
long,5,2024-10-01,ZW,HE,1053.1943920380486,56.610310858642066
long,5,2024-11-01,CC,SV,1337.0100496740463,47.08578577356274
long,5,2024-12-01,HE,CO,1219.8881502115116,54.70782687139456
short,5,2016-01-01,CP,CP,1027.9982644985967,1027.9982644985967
short,5,2016-02-01,HE,CP,994.2578960700441,928.7869390764444
short,5,2016-03-01,SU,CC,979.5537504526868,989.0759981431906
short,5,2016-04-01,SU,CF,871.5934598995518,1060.1166400841719
short,5,2016-05-01,CT,SV,885.6975337808248,1238.841899732443
short,5,2016-06-01,SV,CP,855.0291724103168,1147.3467628840797
short,5,2016-07-01,GD,ZS,822.0943396199501,1324.9148664538677
short,5,2016-08-01,NG,ZC,702.6332380659378,1350.2705627613511
short,5,2016-09-01,GD,LE,657.6190745672308,1458.4089922926523
short,5,2016-10-01,NG,LE,630.0247449001776,1331.621195087481
short,5,2016-11-01,CO,SV,524.0765139840747,1671.682068444855
short,5,2016-12-01,NG,CO,495.00617276429307,1646.8028006530615
short,5,2017-01-01,CO,CT,530.9656460383168,1592.3102435898472
short,5,2017-02-01,HE,CT,591.5209123995876,1504.8006606915553
short,5,2017-03-01,SU,ZW,703.752169392721,1647.7333155777
short,5,2017-04-01,LE,CF,634.9469450888439,1661.4064442043193
short,5,2017-05-01,CT,SV,613.2965496643868,1890.1193906612505
short,5,2017-06-01,SV,HO,674.1434860440318,1743.4188309728384
short,5,2017-07-01,NG,CO,734.7531326506847,1836.0311316820519
short,5,2017-08-01,CP,SU,635.6801425971963,1592.6112905825366
short,5,2017-09-01,ZS,SU,625.4791201167216,1552.3008479223706
short,5,2017-10-01,CC,ZS,646.2952112392067,1399.698139384616
short,5,2017-11-01,ZS,CO,592.662845315201,1266.555254390365
short,5,2017-12-01,ZC,HO,646.9401406921866,1107.8160765230405
short,5,2018-01-01,CO,SU,625.1104179976986,1193.1423964498388
short,5,2018-02-01,HE,CC,753.0823337593499,1012.5011984936436
short,5,2018-03-01,SU,SU,840.048332486904,1129.42490522872
short,5,2018-04-01,LE,LE,796.5937026383168,1071.0011939963013
short,5,2018-05-01,CT,CT,674.6205827459345,907.0112495521788
short,5,2018-06-01,SV,SV,606.9437741817256,816.0213979652698
short,5,2018-07-01,NG,CO,609.0151928543324,805.6264422107029
short,5,2018-08-01,HO,ZC,510.7988280899591,853.0972956127713
short,5,2018-09-01,ZS,LE,478.21473158316724,867.8091104078284
short,5,2018-10-01,CC,ZS,455.3174421363107,873.9320804736443
short,5,2018-11-01,ZS,SV,505.16660027319995,845.9402120419564
short,5,2018-12-01,ZC,HO,521.2453846821393,946.5671348043539
short,5,2019-01-01,CO,CP,461.2272957027168,889.0712139787593
short,5,2019-02-01,HE,HO,488.76899062343244,789.8577565526073
short,5,2019-03-01,SU,CC,473.2570351834058,793.1648932771868
short,5,2019-04-01,LE,CT,507.16864009797376,809.0036894031624
short,5,2019-05-01,CF,SV,481.52975185938243,858.1657011103131
short,5,2019-06-01,ZC,ZS,492.01053199473057,800.1537097892426
short,5,2019-07-01,NG,HO,574.1558494543218,724.5418749347893
short,5,2019-08-01,CT,LE,630.0180388293599,833.1383030218052
short,5,2019-09-01,GD,LE,625.7801969227467,853.4016895844446
short,5,2019-10-01,CC,ZW,690.7823848996553,835.568436302747
short,5,2019-11-01,ZS,ZC,699.658785479499,897.3945256591091
short,5,2019-12-01,ZC,CF,609.3018912207771,810.8333611191174
short,5,2020-01-01,SU,CC,567.4281655888321,751.7197206234544
short,5,2020-02-01,HE,CT,608.0254553449545,809.9677086951614
short,5,2020-03-01,SU,LE,843.2513794450655,862.5299125728812
short,5,2020-04-01,LE,CT,871.3659985779233,765.0047070377406
short,5,2020-05-01,CT,SV,876.0266685968662,633.8539909765676
short,5,2020-06-01,ZC,CT,871.6248921378884,607.138162686379
short,5,2020-07-01,NG,GD,857.6648583959147,534.1751939957917
short,5,2020-08-01,SU,ZW,916.497167004067,517.4597772802802
short,5,2020-09-01,GD,CC,949.928158774611,517.3688072710813
short,5,2020-10-01,CC,LE,1056.9431243799565,544.315517384131
short,5,2020-11-01,ZC,HO,1036.9752834704393,369.8912066449209
short,5,2020-12-01,NG,HO,1537.640685203766,268.41537526748016
short,5,2021-01-01,SU,CP,1392.2446179302003,256.55269692325095
short,5,2021-02-01,HE,SV,1180.940793527675,254.5473410170545
short,5,2021-03-01,SU,LE,1379.58808281279,236.63789312810246
short,5,2021-04-01,LE,CP,1259.6391888222956,223.84316761650646
short,5,2021-05-01,CF,CC,1083.0990162850505,224.65219826935768
short,5,2021-06-01,ZC,HO,1082.7964611612597,215.72124981548205
short,5,2021-07-01,HE,ZS,1224.7478734440485,237.89439542190155
short,5,2021-08-01,SU,ZW,993.1468078815465,258.4024695815028
short,5,2021-09-01,SV,ZW,1122.9573893253205,285.7977138665079
short,5,2021-10-01,CC,LE,1157.1567655299896,250.14220740601164
short,5,2021-11-01,SV,SU,1070.6934515746636,275.2144371183404
short,5,2021-12-01,NG,CF,1319.2063727828354,291.7519668573245
short,5,2022-01-01,CO,SU,943.6998293348088,313.98024466970395
short,5,2022-02-01,NG,ZW,789.4334488405278,243.3150172347079
short,5,2022-03-01,SU,CP,721.7288138993837,232.14043950161224
short,5,2022-04-01,LE,CP,734.9907518639285,292.9657733767127
short,5,2022-05-01,ZS,CF,767.1628049700709,280.6727751197157
short,5,2022-06-01,ZC,ZW,860.2327044774592,335.8655374750409
short,5,2022-07-01,HE,NG,766.9755036977123,278.3607119368496
short,5,2022-08-01,CF,CP,688.1545349182711,289.8647382594384
short,5,2022-09-01,GD,ZS,668.3269166967879,285.8159067297215
short,5,2022-10-01,CC,CP,691.6695697128021,301.8387720780816
short,5,2022-11-01,ZC,SU,758.6254326146634,286.41646648787975
short,5,2022-12-01,NG,CF,1676.287566528205,266.479533029415
short,5,2023-01-01,LE,LE,1648.906734842622,262.12680060615725
short,5,2023-02-01,NG,NG,1738.95289573843,276.4414440991613
short,5,2023-03-01,SU,HO,1568.3056151894586,269.8370322980523
short,5,2023-04-01,CP,ZS,1763.0527435383494,289.8690150157882
short,5,2023-05-01,ZS,CC,1758.7850070738677,285.38621606296346
short,5,2023-06-01,ZC,ZC,1755.9003401931348,284.91814056630903
short,5,2023-07-01,ZC,ZC,1703.5632703018614,276.4257561782119
short,5,2023-08-01,LE,LE,1580.6001367596198,256.4733553698558
short,5,2023-09-01,SV,SV,1689.175344119994,274.0911241489863
short,5,2023-10-01,CC,CC,1660.4794853761011,269.43484011730595
short,5,2023-11-01,GD,GD,1651.8751908261174,268.03867910067527
short,5,2023-12-01,NG,NG,1790.741844889526,290.5716372400076
short,5,2024-01-01,HE,HE,1719.7625489181605,279.0543041864456
short,5,2024-02-01,CT,CT,1387.4497196944324,225.13213604201673
short,5,2024-03-01,SU,SU,1347.7907629181361,218.69694381450168
short,5,2024-04-01,CP,CP,1130.793794929031,183.48630502552444
short,5,2024-05-01,GD,GD,1112.2848829772804,180.48298834718818
short,5,2024-06-01,ZC,ZC,1206.8045511900923,195.82005930599712
short,5,2024-07-01,ZC,ZC,1306.2573777936552,211.95760070361084
short,5,2024-08-01,ZW,SV,1398.7761823609717,217.0009477585435
short,5,2024-09-01,SV,CF,1423.177414901668,181.057149900336
short,5,2024-10-01,CC,CC,1595.7694290010354,203.01436889579705
short,5,2024-11-01,ZC,CO,1575.0868913415632,202.40092780124397
short,5,2024-12-01,NG,CT,1446.9826282981326,225.91096742536968
